order_id,purchase_date,product_category,seller_state,customer_state,order_value,freight_value,estimated_days,is_late
ORD-00001,2024-03-21,sports,RS,SP,137.01,7.76,21,1
ORD-00002,2024-03-04,sports,GO,BA,66.28,4.26,7,0
ORD-00003,2024-02-26,home,PE,PR,127.14,13.78,14,0
ORD-00004,2024-06-09,books,MG,PE,42.0,5.72,7,1
ORD-00005,2024-03-05,electronics,BA,CE,144.5,21.62,19,0
ORD-00006,2024-03-28,home,SP,RJ,93.27,7.15,23,1
ORD-00007,2024-05-09,books,BA,MG,200.12,20.02,8,0
ORD-00008,2024-05-15,home,PR,PE,281.76,35.57,20,0
ORD-00009,2024-03-02,books,CE,SC,328.57,28.35,12,1
ORD-00010,2024-02-02,electronics,CE,RJ,108.23,6.16,20,1
ORD-00011,2024-05-18,electronics,GO,PE,95.89,10.61,9,0
ORD-00012,2024-04-25,clothing,RS,PR,59.69,5.21,19,1
ORD-00013,2024-01-02,clothing,RS,RJ,79.58,5.81,10,1
ORD-00014,2024-03-01,electronics,SP,RS,,43.11,19,1
ORD-00015,2024-05-01,books,GO,RS,48.58,6.72,21,1
ORD-00016,2024-04-15,electronics,GO,BA,350.06,32.59,16,1
ORD-00017,2024-03-04,electronics,SP,RJ,47.57,6.19,6,1
ORD-00018,2024-04-23,electronics,PE,GO,254.34,24.48,5,0
ORD-00019,2024-02-12,electronics,PE,RJ,26.86,3.95,10,1
ORD-00020,2024-03-08,sports,GO,RS,270.6,13.59,15,0
ORD-00021,2024-02-18,clothing,GO,PR,88.11,10.74,7,1
ORD-00022,2024-05-29,home,SP,CE,419.64,34.14,4,0
ORD-00023,2024-06-01,electronics,PE,MG,101.64,13.74,5,1
ORD-00024,2024-01-21,electronics,RS,BA,210.23,23.01,22,1
ORD-00025,2024-03-08,books,CE,CE,238.25,28.98,10,0
ORD-00026,2024-06-08,clothing,PR,GO,42.78,2.45,17,0
ORD-00027,2024-01-18,books,RJ,RJ,102.22,6.46,14,0
ORD-00028,2024-06-16,electronics,SC,PR,27.27,3.28,22,1
ORD-00029,2024-01-30,beauty,PE,PR,340.1,46.87,11,0
ORD-00030,2024-06-24,clothing,PE,MG,75.42,9.18,9,0
ORD-00031,2024-03-11,books,PR,PE,25.07,1.48,16,1
ORD-00032,2024-04-19,home,SC,MG,200.94,24.94,20,0
ORD-00033,2024-04-04,beauty,RJ,RJ,55.44,3.6,4,0
ORD-00034,2024-04-01,electronics,MG,BA,176.52,24.69,4,1
ORD-00035,2024-02-09,clothing,RS,RJ,87.0,11.96,22,0
ORD-00036,2024-02-15,beauty,RS,MG,31.47,4.35,3,0
ORD-00037,2024-02-10,sports,SC,BA,21.92,2.87,11,0
ORD-00038,2024-03-30,sports,RJ,BA,22.87,1.65,17,1
ORD-00039,2024-03-12,electronics,RS,RS,246.66,20.43,5,0
ORD-00040,2024-01-30,home,PE,BA,25.5,2.12,3,0
ORD-00041,2024-03-21,books,PR,MG,489.51,53.68,14,0
ORD-00042,2024-01-01,clothing,PE,RJ,82.59,6.23,16,1
ORD-00043,2024-06-08,clothing,PE,RS,398.95,46.45,13,1
ORD-00044,2024-05-21,books,RJ,PR,60.77,5.02,12,1
ORD-00045,2024-01-01,home,BA,BA,72.79,5.83,20,1
ORD-00046,2024-04-23,home,RS,BA,74.97,6.16,17,0
ORD-00047,2024-05-11,home,PE,GO,45.99,5.33,12,0
ORD-00048,2024-02-07,electronics,CE,SC,217.31,17.61,9,1
ORD-00049,2024-05-27,home,RS,GO,39.5,3.77,23,1
ORD-00050,2024-04-18,clothing,BA,GO,287.02,34.09,6,1
ORD-00051,2024-02-04,electronics,PE,GO,208.43,28.1,17,0
ORD-00052,2024-04-19,books,PE,PE,,8.96,19,0
ORD-00053,2024-03-04,sports,PE,GO,44.43,4.33,11,0
ORD-00054,2024-03-01,books,PR,PE,214.54,20.16,12,1
ORD-00055,2024-02-24,electronics,SC,PE,,25.06,7,1
ORD-00056,2024-04-09,books,BA,SC,131.64,9.3,16,0
ORD-00057,2024-03-31,sports,CE,SP,40.07,3.53,3,1
ORD-00058,2024-05-04,books,BA,BA,46.26,6.01,10,0
ORD-00059,2024-02-12,electronics,BA,GO,163.54,19.28,15,0
ORD-00060,2024-06-13,books,MG,CE,78.66,9.15,5,0
ORD-00061,2024-03-27,electronics,GO,MG,145.49,10.35,13,0
ORD-00062,2024-04-30,home,BA,PR,,2.08,5,1
ORD-00063,2024-01-11,beauty,PE,SP,157.49,18.11,23,0
ORD-00064,2024-06-20,sports,RS,RS,71.38,5.27,18,1
ORD-00065,2024-01-30,home,RS,GO,39.81,2.66,22,0
ORD-00066,2024-04-06,electronics,MG,PR,,44.6,24,1
ORD-00067,2024-06-24,books,RS,RJ,27.85,2.07,12,0
ORD-00068,2024-01-18,home,RJ,CE,158.68,14.73,14,0
ORD-00069,2024-06-11,sports,SC,SP,29.34,1.78,14,0
ORD-00070,2024-06-06,clothing,GO,MG,46.43,6.8,11,0
ORD-00071,2024-03-03,books,PE,GO,28.72,3.14,13,0
ORD-00072,2024-06-20,sports,RJ,PR,211.67,20.42,22,1
ORD-00073,2024-03-28,sports,SP,GO,255.69,18.21,11,1
ORD-00074,2024-04-14,books,CE,PR,99.07,6.85,10,0
ORD-00075,2024-03-16,home,RS,GO,106.75,13.8,5,1
ORD-00076,2024-04-18,home,RS,PR,149.54,15.75,14,0
ORD-00077,2024-01-31,clothing,PE,SC,118.53,9.56,10,0
ORD-00078,2024-03-11,home,SC,RJ,55.62,3.85,18,0
ORD-00079,2024-04-02,clothing,PE,CE,344.6,23.92,10,1
ORD-00080,2024-06-27,electronics,SP,PE,463.45,25.7,12,0
ORD-00081,2024-03-28,sports,GO,RJ,83.25,8.07,17,1
ORD-00082,2024-05-05,beauty,SP,PR,110.81,14.65,15,1
ORD-00083,2024-01-31,electronics,SP,MG,86.21,6.93,10,0
ORD-00084,2024-04-25,books,BA,CE,72.09,9.2,15,0
ORD-00085,2024-01-26,beauty,PR,CE,177.93,19.95,22,0
ORD-00086,2024-01-20,clothing,RS,RS,376.65,27.87,20,1
ORD-00087,2024-03-13,home,BA,GO,113.28,6.03,12,0
ORD-00088,2024-02-20,home,GO,RJ,35.77,4.02,24,1
ORD-00089,2024-03-19,home,PE,RS,,1.63,8,0
ORD-00090,2024-03-10,clothing,CE,PR,113.67,9.14,15,0
ORD-00091,2024-06-03,electronics,GO,GO,483.35,45.05,13,1
ORD-00092,2024-06-21,beauty,RJ,RS,26.88,2.89,3,0
ORD-00093,2024-03-12,home,CE,SP,261.28,26.62,17,1
ORD-00094,2024-04-14,home,CE,BA,106.48,,14,1
ORD-00095,2024-05-20,clothing,RJ,MG,54.86,4.32,15,1
ORD-00096,2024-01-01,clothing,RJ,SC,323.23,41.13,19,0
ORD-00097,2024-06-09,clothing,PE,GO,251.03,21.63,18,1
ORD-00098,2024-02-01,clothing,SP,RS,304.87,24.02,18,1
ORD-00099,2024-01-24,home,CE,RS,175.31,9.01,16,1
ORD-00100,2024-05-10,beauty,RJ,GO,65.15,4.26,12,0
ORD-00101,2024-02-18,beauty,BA,GO,211.75,22.26,15,0
ORD-00102,2024-03-28,sports,PE,MG,192.97,24.89,16,0
ORD-00103,2024-05-28,sports,PE,PR,189.43,15.13,21,0
ORD-00104,2024-04-06,clothing,GO,MG,108.74,9.05,20,1
ORD-00105,2024-01-12,beauty,SC,RS,214.82,18.97,16,1
ORD-00106,2024-05-06,clothing,GO,BA,61.49,8.12,7,0
ORD-00107,2024-01-26,beauty,MG,PE,165.4,9.93,17,0
ORD-00108,2024-01-20,home,GO,SP,133.75,15.45,7,0
ORD-00109,2024-06-21,home,PR,SC,138.39,8.03,13,0
ORD-00110,2024-01-18,home,BA,SC,107.63,11.2,22,1
ORD-00111,2024-01-26,home,PR,RS,125.22,7.49,23,1
ORD-00112,2024-04-20,electronics,PR,SP,34.2,2.71,14,1
ORD-00113,2024-06-05,books,PE,BA,34.88,2.34,5,0
ORD-00114,2024-03-06,books,CE,RS,80.89,5.92,23,1
ORD-00115,2024-03-29,beauty,SP,GO,58.38,,17,0
ORD-00116,2024-05-03,home,PR,BA,117.51,9.43,15,1
ORD-00117,2024-06-17,clothing,BA,CE,182.67,21.91,3,1
ORD-00118,2024-05-07,sports,SP,CE,37.59,5.54,22,0
ORD-00119,2024-03-05,home,PR,RS,156.48,17.79,22,0
ORD-00120,2024-01-09,beauty,MG,RJ,65.46,5.3,17,0
ORD-00121,2024-02-03,beauty,MG,RJ,167.8,15.36,9,0
ORD-00122,2024-03-16,books,SC,PE,195.0,12.96,18,0
ORD-00123,2024-06-22,books,SC,RJ,387.94,48.65,10,0
ORD-00124,2024-02-01,clothing,BA,PE,35.23,1.81,20,1
ORD-00125,2024-02-29,clothing,PR,CE,67.28,5.86,24,1
ORD-00126,2024-04-28,clothing,CE,PE,74.12,8.51,23,0
ORD-00127,2024-01-30,electronics,PR,BA,464.01,24.93,18,1
ORD-00128,2024-04-17,clothing,PE,MG,148.73,21.56,20,0
ORD-00129,2024-01-09,home,MG,BA,27.28,3.04,11,0
ORD-00130,2024-04-04,clothing,RS,GO,216.52,18.68,24,0
ORD-00131,2024-01-24,clothing,SC,SP,249.26,15.51,17,0
ORD-00132,2024-02-22,electronics,CE,SP,164.71,24.52,21,1
ORD-00133,2024-06-01,books,PE,RS,31.04,2.28,7,1
ORD-00134,2024-02-03,books,MG,MG,33.75,2.06,3,1
ORD-00135,2024-05-14,clothing,RS,CE,262.09,14.48,16,1
ORD-00136,2024-05-08,clothing,RJ,GO,152.4,16.67,17,1
ORD-00137,2024-01-08,home,CE,SP,62.58,5.02,23,1
ORD-00138,2024-01-19,clothing,GO,BA,333.9,40.48,17,0
ORD-00139,2024-05-20,electronics,SC,CE,310.49,34.91,21,0
ORD-00140,2024-06-28,books,BA,CE,118.54,13.1,6,1
ORD-00141,2024-04-16,clothing,PE,RS,132.35,17.57,15,0
ORD-00142,2024-05-01,clothing,SC,BA,205.04,29.8,24,1
ORD-00143,2024-05-22,clothing,RJ,RJ,44.24,,7,1
ORD-00144,2024-04-18,clothing,PE,PE,315.28,26.91,24,0
ORD-00145,2024-02-09,home,SP,PR,156.77,16.9,9,0
ORD-00146,2024-05-26,clothing,RS,RJ,87.98,5.41,11,1
ORD-00147,2024-05-22,beauty,BA,PE,30.06,,23,1
ORD-00148,2024-03-30,electronics,PR,SP,52.92,4.28,13,1
ORD-00149,2024-01-24,home,MG,CE,399.78,49.61,3,0
ORD-00150,2024-05-25,clothing,RS,BA,161.43,14.05,13,0
ORD-00151,2024-04-23,electronics,SP,MG,72.23,8.48,11,0
ORD-00152,2024-03-29,clothing,GO,CE,194.65,24.43,6,0
ORD-00153,2024-06-02,books,PR,CE,60.71,3.31,15,1
ORD-00154,2024-03-24,beauty,RS,PR,39.72,5.02,12,1
ORD-00155,2024-05-23,electronics,GO,BA,145.06,17.46,19,0
ORD-00156,2024-01-20,clothing,SC,RJ,44.75,4.19,17,0
ORD-00157,2024-04-13,books,CE,BA,51.48,4.72,6,1
ORD-00158,2024-01-23,sports,SC,MG,72.16,9.61,14,0
ORD-00159,2024-03-27,clothing,RJ,RS,137.28,7.94,12,1
ORD-00160,2024-03-30,books,MG,RJ,325.7,32.89,14,0
ORD-00161,2024-06-16,electronics,MG,RS,204.41,13.77,7,1
ORD-00162,2024-06-13,home,GO,GO,,3.91,21,0
ORD-00163,2024-04-30,sports,CE,SC,69.97,4.55,5,0
ORD-00164,2024-04-25,books,PR,PR,156.64,,17,1
ORD-00165,2024-06-01,electronics,SC,PR,21.88,2.97,22,1
ORD-00166,2024-05-26,books,GO,CE,35.01,4.89,17,0
ORD-00167,2024-03-28,books,SC,CE,283.71,15.94,6,0
ORD-00168,2024-05-14,home,RJ,PE,486.08,58.7,17,0
ORD-00169,2024-06-22,clothing,MG,SC,189.4,17.21,13,0
ORD-00170,2024-06-17,clothing,SC,RJ,87.52,7.76,11,0
ORD-00171,2024-03-20,clothing,CE,MG,81.0,5.2,14,0
ORD-00172,2024-02-02,books,BA,MG,175.88,15.42,13,0
ORD-00173,2024-03-20,home,PE,RJ,128.91,11.11,14,1
ORD-00174,2024-02-09,beauty,RS,SC,108.15,7.86,7,1
ORD-00175,2024-06-18,home,RJ,PE,27.03,3.74,4,1
ORD-00176,2024-02-12,books,CE,MG,280.37,19.09,22,0
ORD-00177,2024-03-13,clothing,SP,BA,49.36,7.25,22,0
ORD-00178,2024-02-19,books,GO,RS,175.94,23.02,18,1
ORD-00179,2024-04-17,books,CE,GO,,16.76,19,0
ORD-00180,2024-05-21,electronics,RS,CE,207.94,23.73,14,0
ORD-00181,2024-02-07,clothing,PE,RJ,40.55,3.13,19,0
ORD-00182,2024-03-01,sports,RJ,RS,131.96,11.83,14,1
ORD-00183,2024-03-26,electronics,RJ,SC,171.53,10.28,23,0
ORD-00184,2024-04-30,clothing,MG,SP,27.99,3.35,7,0
ORD-00185,2024-05-15,electronics,SP,RJ,230.11,14.95,22,1
ORD-00186,2024-04-27,clothing,PR,RS,456.27,41.97,22,1
ORD-00187,2024-03-15,books,GO,CE,68.84,7.4,7,0
ORD-00188,2024-05-14,electronics,CE,SC,131.36,15.3,5,0
ORD-00189,2024-04-09,books,RJ,PE,36.04,3.63,3,0
ORD-00190,2024-03-29,beauty,SP,BA,,10.62,5,1
ORD-00191,2024-03-27,home,RJ,CE,165.16,8.99,20,0
ORD-00192,2024-01-17,beauty,MG,GO,,7.54,7,0
ORD-00193,2024-03-21,clothing,GO,SP,469.2,32.82,4,0
ORD-00194,2024-02-18,beauty,PE,BA,91.59,6.9,23,1
ORD-00195,2024-04-22,clothing,SP,SC,33.59,3.15,15,0
ORD-00196,2024-03-09,beauty,BA,SC,105.12,10.49,19,0
ORD-00197,2024-01-21,clothing,BA,RJ,256.84,20.39,6,1
ORD-00198,2024-03-30,clothing,PR,PR,49.76,3.32,17,0
ORD-00199,2024-01-20,beauty,SC,CE,,28.7,4,0
ORD-00200,2024-02-06,books,BA,SC,43.17,2.85,3,0
ORD-00201,2024-04-08,electronics,GO,SP,216.59,24.8,14,0
ORD-00202,2024-01-20,electronics,SP,CE,119.8,10.43,17,1
ORD-00203,2024-01-07,clothing,PE,SC,64.72,4.85,6,0
ORD-00204,2024-04-24,clothing,GO,PE,86.53,6.59,11,1
ORD-00205,2024-04-25,home,CE,PR,241.28,15.34,5,1
ORD-00206,2024-05-18,sports,GO,RJ,60.56,7.32,20,1
ORD-00207,2024-02-27,home,PR,MG,67.48,,19,1
ORD-00208,2024-04-04,electronics,RS,MG,105.78,9.11,21,1
ORD-00209,2024-05-14,home,PE,MG,367.64,29.75,18,1
ORD-00210,2024-05-12,electronics,BA,CE,,6.31,24,1
ORD-00211,2024-02-01,electronics,PE,CE,125.68,17.73,4,0
ORD-00212,2024-03-13,electronics,PR,MG,223.44,32.34,19,0
ORD-00213,2024-06-06,home,PR,RS,89.45,5.59,12,0
ORD-00214,2024-06-03,books,PE,MG,81.54,5.47,22,1
ORD-00215,2024-05-27,sports,CE,SP,534.35,29.15,23,1
ORD-00216,2024-05-19,clothing,RS,CE,67.18,6.7,23,1
ORD-00217,2024-01-19,electronics,PR,GO,32.1,2.91,17,0
ORD-00218,2024-03-21,clothing,MG,GO,115.04,9.67,7,0
ORD-00219,2024-01-28,beauty,SC,SC,305.15,26.56,20,1
ORD-00220,2024-04-08,clothing,GO,RJ,209.2,12.49,12,0
ORD-00221,2024-02-18,beauty,BA,RS,30.97,4.44,13,0
ORD-00222,2024-05-09,books,GO,PE,104.76,6.18,15,0
ORD-00223,2024-06-16,books,RS,RS,453.44,35.43,22,0
ORD-00224,2024-04-03,electronics,PR,PE,334.54,21.21,11,0
ORD-00225,2024-03-14,clothing,SC,SP,84.24,5.85,20,1
ORD-00226,2024-06-05,home,PE,GO,191.09,28.46,24,1
ORD-00227,2024-02-20,clothing,RJ,BA,87.55,7.58,7,0
ORD-00228,2024-05-12,electronics,BA,PE,486.96,59.1,18,1
ORD-00229,2024-03-17,electronics,CE,PE,,15.32,22,1
ORD-00230,2024-04-04,books,PE,PE,51.64,4.13,3,0
ORD-00231,2024-01-07,books,RJ,BA,34.08,4.18,23,0
ORD-00232,2024-05-14,books,PR,CE,48.98,5.31,8,0
ORD-00233,2024-02-18,electronics,CE,BA,57.69,3.07,6,1
ORD-00234,2024-04-30,electronics,SC,BA,55.55,5.06,22,0
ORD-00235,2024-05-14,books,SP,MG,86.74,12.99,18,1
ORD-00236,2024-06-13,beauty,MG,GO,160.8,13.74,24,0
ORD-00237,2024-03-14,books,PR,CE,191.48,15.29,12,0
ORD-00238,2024-03-14,books,GO,SC,86.84,12.46,11,1
ORD-00239,2024-03-15,sports,PE,BA,139.51,11.79,7,1
ORD-00240,2024-02-21,beauty,RJ,SC,63.25,7.89,9,0
ORD-00241,2024-03-02,home,PR,PE,297.87,33.23,21,1
ORD-00242,2024-01-26,home,PE,RS,442.07,40.37,18,0
ORD-00243,2024-05-02,beauty,MG,SP,276.83,31.92,18,0
ORD-00244,2024-05-26,clothing,PR,SC,424.12,53.81,23,1
ORD-00245,2024-04-11,clothing,SP,MG,26.58,3.81,4,0
ORD-00246,2024-03-26,sports,MG,PR,702.19,74.99,6,1
ORD-00247,2024-01-29,books,PE,PE,24.19,2.34,9,0
ORD-00248,2024-05-25,home,GO,PR,639.41,53.53,12,0
ORD-00249,2024-05-11,home,RS,MG,67.24,6.09,16,1
ORD-00250,2024-01-02,electronics,BA,RJ,294.26,24.24,10,1
ORD-00251,2024-03-07,home,RS,GO,179.63,21.97,3,0
ORD-00252,2024-05-08,home,RS,SP,114.73,7.57,24,0
ORD-00253,2024-05-02,home,PR,RJ,150.14,10.82,7,1
ORD-00254,2024-06-19,clothing,CE,SC,89.88,8.73,20,0
ORD-00255,2024-01-20,sports,RS,CE,375.39,35.54,14,0
ORD-00256,2024-03-24,sports,RJ,SP,,24.86,8,0
ORD-00257,2024-04-24,home,GO,RJ,49.92,4.94,19,0
ORD-00258,2024-06-21,books,GO,MG,117.53,6.56,17,0
ORD-00259,2024-01-12,clothing,SP,BA,870.6,62.5,5,0
ORD-00260,2024-03-14,beauty,RJ,PE,401.01,57.5,4,1
ORD-00261,2024-04-06,clothing,MG,BA,120.26,17.04,15,1
ORD-00262,2024-04-10,home,PE,MG,158.43,10.75,20,0
ORD-00263,2024-05-16,home,RS,SP,115.5,14.08,16,1
ORD-00264,2024-01-09,books,RS,RS,279.53,19.25,6,0
ORD-00265,2024-06-01,home,BA,CE,623.63,44.03,6,1
ORD-00266,2024-02-25,electronics,CE,SP,467.73,43.92,20,0
ORD-00267,2024-03-22,books,SP,MG,186.06,24.48,21,0
ORD-00268,2024-04-15,clothing,SC,RS,291.46,33.82,10,1
ORD-00269,2024-01-13,beauty,SP,PE,70.26,6.51,18,0
ORD-00270,2024-02-17,clothing,BA,PE,131.44,8.53,15,0
ORD-00271,2024-01-15,sports,GO,RS,180.23,21.76,17,0
ORD-00272,2024-06-14,books,BA,PE,141.85,10.71,13,1
ORD-00273,2024-04-06,electronics,GO,SC,48.32,3.34,11,0
ORD-00274,2024-05-23,sports,CE,SP,250.57,31.61,24,1
ORD-00275,2024-05-02,clothing,RS,SC,232.81,16.06,6,0
ORD-00276,2024-04-07,clothing,CE,RS,214.49,17.62,12,0
ORD-00277,2024-04-30,clothing,SC,PR,100.18,9.99,6,0
ORD-00278,2024-02-07,clothing,SC,RS,132.31,14.06,10,1
ORD-00279,2024-02-28,books,PE,CE,130.99,8.55,13,0
ORD-00280,2024-06-13,books,RS,GO,162.9,20.58,18,0
ORD-00281,2024-05-05,home,GO,MG,156.54,10.02,20,1
ORD-00282,2024-01-13,books,PE,SP,26.32,1.51,24,0
ORD-00283,2024-02-25,sports,BA,MG,219.52,26.5,3,0
ORD-00284,2024-06-17,home,SC,SP,60.8,6.79,18,1
ORD-00285,2024-05-17,books,SP,PE,665.3,68.49,11,0
ORD-00286,2024-01-28,sports,SP,PE,,7.73,8,0
ORD-00287,2024-03-09,electronics,PE,MG,71.76,5.4,14,0
ORD-00288,2024-03-17,beauty,RJ,SC,116.81,8.68,10,0
ORD-00289,2024-06-12,electronics,RJ,SP,145.43,15.31,4,1
ORD-00290,2024-01-25,books,MG,RJ,125.24,16.09,21,0
ORD-00291,2024-03-10,electronics,SP,RS,21.21,2.94,18,1
ORD-00292,2024-01-05,sports,RJ,PR,86.04,4.59,13,0
ORD-00293,2024-03-17,home,CE,MG,50.8,4.56,5,1
ORD-00294,2024-04-08,sports,RS,CE,141.57,19.77,13,0
ORD-00295,2024-03-28,books,MG,RJ,438.66,41.11,5,0
ORD-00296,2024-04-25,clothing,CE,CE,38.51,2.04,11,0
ORD-00297,2024-04-07,beauty,SC,PE,125.95,14.86,24,1
ORD-00298,2024-04-07,home,CE,PR,50.72,2.95,7,0
ORD-00299,2024-04-23,clothing,MG,BA,335.87,16.97,12,1
ORD-00300,2024-05-11,electronics,PR,RJ,251.18,23.83,20,1
ORD-00301,2024-04-08,clothing,SP,RJ,356.17,39.11,13,1
ORD-00302,2024-05-26,home,BA,BA,48.27,5.11,10,0
ORD-00303,2024-02-12,electronics,BA,MG,180.03,17.88,5,1
ORD-00304,2024-06-09,books,BA,PR,384.75,28.92,10,0
ORD-00305,2024-03-26,books,CE,RS,299.83,15.19,15,0
ORD-00306,2024-06-01,clothing,BA,SC,126.38,16.73,23,1
ORD-00307,2024-03-22,beauty,SC,CE,240.78,19.6,15,1
ORD-00308,2024-04-03,home,GO,CE,168.18,13.12,15,1
ORD-00309,2024-01-07,books,CE,RS,90.87,10.74,20,0
ORD-00310,2024-06-21,clothing,GO,RS,184.99,22.07,16,1
ORD-00311,2024-01-19,clothing,PR,RS,280.48,25.89,15,0
ORD-00312,2024-05-19,books,CE,GO,94.0,13.38,16,1
ORD-00313,2024-03-31,books,SC,PE,331.95,24.84,24,1
ORD-00314,2024-04-20,books,CE,SP,65.77,7.54,13,1
ORD-00315,2024-02-26,electronics,RJ,PR,43.78,4.63,21,1
ORD-00316,2024-01-07,home,BA,GO,79.5,7.95,14,0
ORD-00317,2024-03-30,beauty,PR,BA,368.26,49.03,7,1
ORD-00318,2024-03-22,books,GO,RS,158.2,9.45,17,1
ORD-00319,2024-03-03,electronics,SP,RJ,,9.78,8,0
ORD-00320,2024-06-10,clothing,PE,MG,127.87,12.3,15,1
ORD-00321,2024-04-19,electronics,BA,BA,73.14,5.1,21,1
ORD-00322,2024-01-27,clothing,RS,RS,52.7,6.83,21,0
ORD-00323,2024-05-05,clothing,PE,MG,243.63,14.96,24,0
ORD-00324,2024-04-27,clothing,SC,CE,140.27,8.62,14,0
ORD-00325,2024-03-19,books,PR,CE,59.6,4.85,10,1
ORD-00326,2024-04-18,books,SC,MG,130.76,8.34,15,1
ORD-00327,2024-04-25,books,PE,MG,,6.86,13,0
ORD-00328,2024-05-09,books,SC,SP,245.11,21.67,20,0
ORD-00329,2024-05-24,clothing,BA,GO,26.17,2.59,5,1
ORD-00330,2024-05-24,electronics,RS,PR,223.85,17.65,17,0
ORD-00331,2024-04-03,books,GO,PE,83.61,6.42,20,0
ORD-00332,2024-03-17,books,SP,GO,341.81,45.46,10,0
ORD-00333,2024-03-01,clothing,SP,GO,22.24,1.31,6,1
ORD-00334,2024-02-05,sports,CE,SC,74.08,,22,0
ORD-00335,2024-03-23,books,RS,SP,94.59,,8,0
ORD-00336,2024-02-04,books,PR,PR,99.71,13.96,6,0
ORD-00337,2024-03-04,beauty,BA,SP,21.4,1.34,7,1
ORD-00338,2024-06-10,home,SC,RS,58.68,5.81,21,1
ORD-00339,2024-04-13,books,BA,BA,68.44,9.45,5,0
ORD-00340,2024-04-27,books,PR,SC,107.6,11.64,5,0
ORD-00341,2024-05-06,home,SC,RJ,138.3,20.3,9,1
ORD-00342,2024-06-23,books,PR,SC,305.35,41.3,13,0
ORD-00343,2024-04-22,home,SP,RJ,26.74,1.38,8,0
ORD-00344,2024-01-24,beauty,BA,RS,179.67,24.69,11,0
ORD-00345,2024-06-28,clothing,PR,RJ,269.79,24.18,12,0
ORD-00346,2024-05-31,home,BA,RJ,1023.75,100.0,7,1
ORD-00347,2024-06-26,electronics,GO,SP,160.25,9.95,16,1
ORD-00348,2024-04-04,clothing,RJ,RS,47.05,2.83,13,0
ORD-00349,2024-02-06,home,MG,BA,42.52,2.69,24,1
ORD-00350,2024-06-09,home,CE,SP,271.08,23.07,9,0
ORD-00351,2024-02-05,home,BA,CE,22.63,,6,0
ORD-00352,2024-03-11,clothing,CE,BA,126.81,16.37,10,0
ORD-00353,2024-06-17,home,RS,PE,49.03,3.85,3,0
ORD-00354,2024-01-14,home,RS,PE,250.18,22.31,23,0
ORD-00355,2024-05-15,clothing,RS,GO,213.39,24.29,5,0
ORD-00356,2024-04-17,beauty,SP,SC,303.76,41.34,21,1
ORD-00357,2024-01-04,beauty,MG,GO,39.13,2.02,5,1
ORD-00358,2024-04-16,beauty,SP,SP,138.2,10.87,19,0
ORD-00359,2024-03-20,home,BA,RJ,93.08,6.08,5,1
ORD-00360,2024-06-23,books,RS,MG,140.96,15.99,23,0
ORD-00361,2024-04-21,home,PR,BA,25.0,1.39,5,1
ORD-00362,2024-01-31,electronics,CE,CE,60.95,7.06,8,1
ORD-00363,2024-02-12,electronics,MG,SP,97.22,12.47,11,1
ORD-00364,2024-05-14,home,PR,RJ,529.24,69.18,11,1
ORD-00365,2024-02-12,books,CE,RJ,100.77,5.6,21,1
ORD-00366,2024-01-01,sports,PR,RJ,59.15,3.64,19,1
ORD-00367,2024-01-10,electronics,SP,RS,151.6,21.53,8,0
ORD-00368,2024-01-20,clothing,BA,RS,131.47,16.04,11,0
ORD-00369,2024-01-12,home,RJ,PE,441.55,31.93,19,0
ORD-00370,2024-05-21,sports,RJ,GO,38.52,3.12,5,0
ORD-00371,2024-04-28,clothing,SC,RS,36.4,4.51,10,1
ORD-00372,2024-01-02,home,GO,RS,90.62,11.74,7,0
ORD-00373,2024-03-26,books,SP,RS,67.9,8.1,3,1
ORD-00374,2024-01-16,electronics,BA,PR,95.28,7.03,18,0
ORD-00375,2024-04-27,electronics,MG,PR,98.16,11.79,14,0
ORD-00376,2024-05-31,electronics,RJ,CE,302.03,39.87,5,0
ORD-00377,2024-06-28,electronics,BA,MG,201.49,16.42,15,0
ORD-00378,2024-05-29,books,SC,SC,218.11,31.49,7,1
ORD-00379,2024-02-23,clothing,RJ,MG,173.74,10.78,14,0
ORD-00380,2024-06-27,sports,GO,PR,360.49,47.14,12,0
ORD-00381,2024-05-11,electronics,RS,SC,51.13,7.51,15,1
ORD-00382,2024-05-22,sports,PR,PR,262.42,38.11,17,0
ORD-00383,2024-01-16,books,RS,RJ,32.74,2.09,3,0
ORD-00384,2024-01-22,electronics,RS,MG,137.23,16.28,23,1
ORD-00385,2024-02-02,electronics,PR,RJ,411.23,57.67,17,1
ORD-00386,2024-04-20,electronics,SC,RJ,116.16,7.76,21,0
ORD-00387,2024-02-17,electronics,BA,GO,57.14,3.84,9,1
ORD-00388,2024-05-07,electronics,GO,MG,71.9,5.36,12,1
ORD-00389,2024-06-13,electronics,PE,GO,191.06,12.18,9,0
ORD-00390,2024-04-01,home,PE,RS,33.07,4.28,15,0
ORD-00391,2024-01-07,beauty,GO,SC,103.26,9.17,8,1
ORD-00392,2024-05-15,sports,RS,SP,37.55,2.1,18,1
ORD-00393,2024-05-16,beauty,CE,RS,345.19,39.93,11,0
ORD-00394,2024-02-15,books,SP,RS,141.85,,8,1
ORD-00395,2024-05-24,beauty,SC,SC,535.23,64.26,21,1
ORD-00396,2024-02-29,books,RS,GO,260.97,14.04,4,0
ORD-00397,2024-03-28,books,SP,PE,165.51,18.44,7,0
ORD-00398,2024-05-14,electronics,SC,SP,80.01,11.34,6,0
ORD-00399,2024-03-18,home,RJ,SC,61.84,6.72,13,1
ORD-00400,2024-06-26,home,MG,BA,64.81,4.37,20,0
ORD-00401,2024-06-25,electronics,CE,SC,79.41,5.36,12,1
ORD-00402,2024-01-09,beauty,MG,SP,140.63,21.01,21,1
ORD-00403,2024-03-25,electronics,SC,CE,85.49,12.28,7,0
ORD-00404,2024-06-20,beauty,RS,SC,267.67,37.08,5,0
ORD-00405,2024-03-06,electronics,SC,GO,234.32,27.96,14,0
ORD-00406,2024-05-06,clothing,SP,SP,46.68,6.86,16,0
ORD-00407,2024-06-15,clothing,SC,PE,28.17,3.63,21,0
ORD-00408,2024-03-22,books,RS,MG,,1.79,3,1
ORD-00409,2024-03-27,clothing,RJ,RJ,274.04,15.76,5,0
ORD-00410,2024-04-21,home,CE,GO,126.13,14.55,22,1
ORD-00411,2024-03-08,electronics,RJ,SC,249.12,29.82,20,0
ORD-00412,2024-02-09,electronics,PR,RS,140.13,14.71,18,1
ORD-00413,2024-02-21,electronics,SP,BA,29.06,3.27,18,1
ORD-00414,2024-04-30,home,RS,MG,112.12,6.9,15,0
ORD-00415,2024-04-04,home,PR,RJ,142.2,12.39,15,1
ORD-00416,2024-01-16,clothing,SP,PR,200.11,26.76,21,1
ORD-00417,2024-02-28,home,RJ,RJ,31.95,2.92,21,0
ORD-00418,2024-05-26,clothing,BA,PE,93.68,12.81,18,0
ORD-00419,2024-05-26,electronics,GO,PR,50.47,5.06,19,0
ORD-00420,2024-02-24,electronics,CE,MG,41.72,2.81,8,0
ORD-00421,2024-02-07,clothing,MG,SP,124.73,18.68,23,0
ORD-00422,2024-05-21,beauty,PR,SC,405.43,36.01,15,1
ORD-00423,2024-05-30,books,PR,PE,20.29,2.61,22,0
ORD-00424,2024-01-28,clothing,BA,RJ,286.38,31.16,6,0
ORD-00425,2024-06-04,sports,RJ,PR,199.69,23.06,21,1
ORD-00426,2024-01-10,clothing,MG,PR,72.13,8.52,15,1
ORD-00427,2024-01-06,electronics,SC,RS,111.6,8.58,14,1
ORD-00428,2024-02-28,clothing,PR,PR,106.51,12.74,6,1
ORD-00429,2024-04-23,clothing,GO,SC,131.28,15.04,9,1
ORD-00430,2024-02-10,home,BA,GO,21.37,,19,1
ORD-00431,2024-02-14,electronics,PE,BA,24.15,3.33,3,1
ORD-00432,2024-03-11,electronics,RS,SP,117.64,16.68,9,1
ORD-00433,2024-06-01,clothing,GO,PE,57.59,4.27,18,1
ORD-00434,2024-06-25,books,GO,CE,159.96,21.4,11,1
ORD-00435,2024-02-26,electronics,SP,BA,23.7,3.03,9,0
ORD-00436,2024-01-03,home,RS,PR,100.04,13.65,24,1
ORD-00437,2024-06-13,home,MG,MG,715.79,53.86,12,0
ORD-00438,2024-06-08,books,BA,SC,228.35,18.32,19,1
ORD-00439,2024-05-23,books,RJ,SP,61.79,8.3,14,0
ORD-00440,2024-06-12,clothing,CE,PR,333.7,18.82,11,1
ORD-00441,2024-03-02,home,PR,PR,,4.42,19,0
ORD-00442,2024-05-07,home,CE,BA,57.68,7.04,23,0
ORD-00443,2024-02-18,clothing,PR,BA,45.83,4.96,21,1
ORD-00444,2024-05-09,home,RS,PE,111.43,16.05,14,1
ORD-00445,2024-05-23,electronics,MG,PE,349.03,21.92,11,0
ORD-00446,2024-04-17,home,MG,SC,225.59,16.32,12,0
ORD-00447,2024-01-14,clothing,SC,SC,183.6,24.81,18,0
ORD-00448,2024-01-31,beauty,CE,CE,,55.06,19,0
ORD-00449,2024-02-21,clothing,BA,PE,437.64,59.27,7,1
ORD-00450,2024-05-04,electronics,CE,GO,22.21,,5,1
ORD-00451,2024-05-27,home,MG,SC,803.6,62.16,8,0
ORD-00452,2024-05-02,electronics,GO,RJ,,11.65,16,1
ORD-00453,2024-05-15,electronics,SP,PE,147.89,7.6,13,1
ORD-00454,2024-05-30,electronics,SP,RS,174.67,10.53,19,1
ORD-00455,2024-05-14,clothing,RJ,SP,185.25,22.75,22,1
ORD-00456,2024-04-13,beauty,MG,SC,106.95,13.37,8,1
ORD-00457,2024-04-03,electronics,RS,MG,573.1,57.58,6,0
ORD-00458,2024-06-01,sports,SP,BA,,21.16,4,0
ORD-00459,2024-05-20,electronics,RJ,SP,323.4,30.54,6,1
ORD-00460,2024-01-26,home,MG,RS,69.23,5.55,24,0
ORD-00461,2024-05-10,home,PR,CE,297.99,39.65,6,0
ORD-00462,2024-03-08,electronics,RJ,PR,336.27,23.49,9,0
ORD-00463,2024-02-23,home,RS,SC,182.94,9.87,18,0
ORD-00464,2024-05-26,electronics,GO,SC,654.34,38.54,6,0
ORD-00465,2024-06-13,home,MG,RJ,388.44,47.53,11,1
ORD-00466,2024-03-15,books,PR,PR,345.67,23.32,4,0
ORD-00467,2024-01-03,home,SC,BA,353.08,,4,0
ORD-00468,2024-04-05,clothing,MG,SC,123.93,13.9,5,0
ORD-00469,2024-04-17,clothing,MG,RJ,195.39,17.31,18,0
ORD-00470,2024-01-27,electronics,MG,RJ,47.95,7.1,8,1
ORD-00471,2024-04-01,sports,CE,GO,58.2,3.96,15,0
ORD-00472,2024-01-17,beauty,MG,GO,327.14,29.81,4,1
ORD-00473,2024-05-24,home,SC,SP,58.31,7.39,21,1
ORD-00474,2024-03-04,books,SC,PE,53.38,3.18,24,0
ORD-00475,2024-01-03,sports,BA,MG,87.42,13.01,4,0
ORD-00476,2024-05-05,sports,MG,PE,24.05,3.29,5,1
ORD-00477,2024-03-01,electronics,SC,PR,,,15,1
ORD-00478,2024-05-07,clothing,GO,CE,23.22,2.2,6,0
ORD-00479,2024-06-03,clothing,SP,RJ,499.34,52.39,5,0
ORD-00480,2024-04-03,books,PR,PE,63.56,6.08,13,0
ORD-00481,2024-04-03,clothing,RS,GO,39.71,4.37,24,0
ORD-00482,2024-03-15,home,RJ,RJ,225.93,19.01,23,0
ORD-00483,2024-01-28,electronics,SC,RJ,271.04,17.36,16,1
ORD-00484,2024-03-27,electronics,RS,RS,23.99,1.72,9,1
ORD-00485,2024-04-27,beauty,BA,SP,26.61,2.9,17,0
ORD-00486,2024-04-20,beauty,PE,MG,816.06,100.88,20,0
ORD-00487,2024-01-27,home,GO,PE,55.26,3.72,7,1
ORD-00488,2024-06-26,sports,CE,CE,102.74,9.09,22,0
ORD-00489,2024-06-03,beauty,PR,BA,118.83,7.53,16,0
ORD-00490,2024-06-10,sports,PE,PR,90.28,7.35,20,1
ORD-00491,2024-06-15,home,RS,CE,56.4,8.02,7,0
ORD-00492,2024-05-23,books,MG,PE,67.68,8.19,14,0
ORD-00493,2024-01-04,home,CE,BA,94.13,12.97,16,0
ORD-00494,2024-03-14,electronics,SP,BA,60.01,4.2,8,0
ORD-00495,2024-04-01,home,MG,SP,183.05,22.95,4,0
ORD-00496,2024-05-23,sports,RJ,CE,45.27,6.18,23,1
ORD-00497,2024-06-24,home,PE,PR,458.71,40.44,16,1
ORD-00498,2024-02-27,electronics,PE,SP,207.14,23.21,17,0
ORD-00499,2024-03-16,books,SC,CE,75.78,9.67,9,0
ORD-00500,2024-04-19,beauty,RJ,MG,46.17,2.86,4,1
ORD-00501,2024-02-09,electronics,PR,MG,25.08,1.27,17,1
ORD-00502,2024-05-26,electronics,SC,CE,,,18,1
ORD-00503,2024-04-16,books,RJ,SC,97.91,12.59,8,0
ORD-00504,2024-02-25,clothing,BA,RJ,61.57,5.12,12,0
ORD-00505,2024-01-03,books,CE,PE,86.62,10.85,23,1
ORD-00506,2024-01-11,electronics,SC,GO,66.41,9.42,10,0
ORD-00507,2024-01-07,beauty,SC,BA,142.84,14.86,12,0
ORD-00508,2024-02-19,sports,SC,PE,121.26,6.59,23,1
ORD-00509,2024-02-23,electronics,RJ,RJ,92.99,4.72,5,0
ORD-00510,2024-06-14,sports,RS,BA,237.29,31.53,16,0
ORD-00511,2024-01-14,electronics,RJ,MG,49.93,2.69,5,1
ORD-00512,2024-04-09,electronics,PR,PE,29.47,4.16,16,1
ORD-00513,2024-06-13,clothing,BA,BA,141.43,8.74,3,0
ORD-00514,2024-01-28,electronics,RJ,CE,24.69,2.12,19,1
ORD-00515,2024-06-18,electronics,PR,CE,40.13,3.76,15,1
ORD-00516,2024-03-16,electronics,MG,PE,43.8,5.68,20,0
ORD-00517,2024-01-03,home,MG,PR,34.41,4.23,14,0
ORD-00518,2024-05-20,electronics,PE,MG,793.86,87.06,20,0
ORD-00519,2024-05-11,home,PR,RS,160.13,14.61,23,1
ORD-00520,2024-05-25,home,MG,RS,206.31,12.68,24,0
ORD-00521,2024-01-26,home,PE,GO,392.3,45.97,11,1
ORD-00522,2024-01-26,beauty,CE,GO,154.44,18.09,10,1
ORD-00523,2024-06-26,clothing,RJ,RS,119.56,13.35,12,0
ORD-00524,2024-03-21,clothing,CE,CE,172.64,16.03,3,0
ORD-00525,2024-05-02,clothing,RS,BA,153.46,18.1,13,0
ORD-00526,2024-03-12,books,SC,PR,332.69,38.11,5,0
ORD-00527,2024-01-05,electronics,MG,PE,46.48,5.24,5,0
ORD-00528,2024-05-21,books,SP,CE,39.36,2.81,4,1
ORD-00529,2024-03-15,home,PE,GO,285.94,25.52,21,1
ORD-00530,2024-06-06,electronics,PE,PE,151.65,7.74,10,0
ORD-00531,2024-02-07,clothing,PE,MG,257.93,37.37,24,0
ORD-00532,2024-04-04,electronics,GO,SC,40.88,2.99,11,1
ORD-00533,2024-01-12,beauty,RS,PE,152.73,14.81,17,1
ORD-00534,2024-05-28,home,SC,RJ,97.69,12.99,11,0
ORD-00535,2024-05-12,home,MG,BA,151.06,17.42,5,1
ORD-00536,2024-06-03,clothing,RS,PE,30.27,2.56,18,1
ORD-00537,2024-02-08,electronics,MG,GO,384.42,43.96,9,1
ORD-00538,2024-01-30,home,SC,CE,320.14,23.38,13,0
ORD-00539,2024-03-03,electronics,GO,GO,273.72,36.5,3,1
ORD-00540,2024-02-07,electronics,CE,CE,69.41,3.74,21,1
ORD-00541,2024-01-05,books,PR,MG,135.41,19.9,23,0
ORD-00542,2024-02-13,electronics,PR,RJ,,7.29,18,1
ORD-00543,2024-06-17,electronics,BA,CE,81.03,10.27,22,1
ORD-00544,2024-04-08,beauty,MG,SC,77.49,4.41,15,1
ORD-00545,2024-01-25,books,SP,RS,56.89,7.55,22,1
ORD-00546,2024-01-24,electronics,CE,CE,36.53,3.67,6,0
ORD-00547,2024-06-15,books,MG,CE,1008.79,,24,1
ORD-00548,2024-04-07,sports,BA,SC,54.01,5.02,18,1
ORD-00549,2024-03-13,clothing,CE,RJ,205.26,25.98,5,0
ORD-00550,2024-05-27,clothing,PE,BA,781.29,97.16,3,0
ORD-00551,2024-04-02,clothing,PE,SP,237.41,30.97,16,1
ORD-00552,2024-06-05,clothing,BA,CE,23.5,2.17,14,1
ORD-00553,2024-05-23,clothing,BA,RS,36.54,,14,0
ORD-00554,2024-06-17,books,PR,PR,38.39,3.45,7,1
ORD-00555,2024-05-20,home,RS,GO,344.97,34.78,13,0
ORD-00556,2024-04-30,clothing,SP,MG,67.91,8.86,7,0
ORD-00557,2024-04-08,electronics,BA,RJ,225.92,13.1,4,0
ORD-00558,2024-02-14,home,BA,CE,187.52,27.44,4,0
ORD-00559,2024-02-19,electronics,GO,SP,63.04,8.22,12,1
ORD-00560,2024-04-02,books,CE,PE,219.37,14.69,4,1
ORD-00561,2024-04-11,electronics,SP,MG,193.14,17.37,24,1
ORD-00562,2024-03-13,electronics,RS,PE,52.73,7.48,20,0
ORD-00563,2024-04-26,clothing,PE,CE,192.83,21.33,9,0
ORD-00564,2024-05-08,clothing,CE,SP,,8.17,5,1
ORD-00565,2024-04-06,beauty,RJ,PE,31.03,3.34,17,0
ORD-00566,2024-01-08,beauty,RS,SC,116.86,11.23,21,1
ORD-00567,2024-03-21,clothing,PR,RJ,35.61,2.57,10,1
ORD-00568,2024-01-24,books,SC,PE,53.33,4.07,12,0
ORD-00569,2024-05-26,books,SC,RJ,258.49,21.04,9,1
ORD-00570,2024-02-22,home,RS,GO,,,11,1
ORD-00571,2024-06-22,clothing,RS,CE,37.47,2.32,5,0
ORD-00572,2024-04-05,electronics,GO,CE,23.13,3.37,18,0
ORD-00573,2024-03-12,sports,GO,CE,106.76,15.85,19,1
ORD-00574,2024-01-09,electronics,CE,MG,33.61,3.29,20,1
ORD-00575,2024-06-25,books,BA,MG,317.58,32.34,13,1
ORD-00576,2024-02-17,books,RS,BA,168.39,18.74,11,0
ORD-00577,2024-04-18,books,RS,PR,73.39,6.36,18,1
ORD-00578,2024-05-27,sports,SC,SC,191.14,13.0,7,0
ORD-00579,2024-02-07,sports,RJ,PR,88.23,11.97,9,0
ORD-00580,2024-05-12,sports,MG,GO,260.07,26.0,23,0
ORD-00581,2024-01-26,clothing,SC,GO,86.4,9.23,15,0
ORD-00582,2024-03-26,sports,SP,RS,111.18,12.56,17,1
ORD-00583,2024-02-01,books,SC,PE,31.61,2.67,16,1
ORD-00584,2024-03-31,books,CE,RS,64.65,6.71,12,1
ORD-00585,2024-03-14,home,PE,GO,120.8,6.99,22,1
ORD-00586,2024-01-19,home,MG,MG,129.48,14.4,15,1
ORD-00587,2024-06-14,clothing,SC,RS,63.92,7.74,22,1
ORD-00588,2024-02-17,home,GO,SC,97.82,9.3,8,0
ORD-00589,2024-04-11,home,MG,RS,53.35,3.09,8,1
ORD-00590,2024-01-27,books,RJ,GO,545.36,48.92,5,1
ORD-00591,2024-04-23,home,MG,RJ,175.98,13.15,12,0
ORD-00592,2024-05-01,sports,MG,PE,533.3,62.05,13,0
ORD-00593,2024-02-15,books,PE,PR,300.24,,20,0
ORD-00594,2024-05-03,clothing,GO,CE,66.99,6.93,14,0
ORD-00595,2024-01-01,clothing,RJ,GO,132.94,8.72,3,0
ORD-00596,2024-05-02,clothing,MG,SC,93.8,11.14,18,1
ORD-00597,2024-04-15,books,BA,PR,34.08,3.57,9,0
ORD-00598,2024-02-26,electronics,BA,BA,50.33,5.77,15,1
ORD-00599,2024-03-10,books,BA,RS,33.48,3.73,24,1
ORD-00600,2024-01-29,clothing,PE,PR,23.76,1.62,12,0
ORD-00601,2024-02-08,clothing,CE,GO,,4.89,3,1
ORD-00602,2024-01-03,electronics,PE,SP,342.02,26.31,17,1
ORD-00603,2024-04-05,books,MG,SP,160.98,13.06,18,1
ORD-00604,2024-04-10,electronics,SP,SC,43.04,2.78,11,1
ORD-00605,2024-02-01,electronics,GO,MG,25.88,3.41,3,0
ORD-00606,2024-02-20,home,RS,BA,122.14,15.12,4,0
ORD-00607,2024-03-23,home,RJ,PE,235.21,20.91,12,1
ORD-00608,2024-04-02,books,SP,PE,205.97,23.45,9,0
ORD-00609,2024-05-29,electronics,RS,RJ,125.15,6.45,11,1
ORD-00610,2024-02-09,beauty,RS,SP,81.43,9.7,22,1
ORD-00611,2024-01-16,electronics,RJ,RS,358.87,40.14,23,1
ORD-00612,2024-06-14,home,MG,PE,310.93,22.78,20,0
ORD-00613,2024-01-11,electronics,GO,RS,146.02,17.88,11,1
ORD-00614,2024-05-19,clothing,GO,PE,54.14,3.73,8,1
ORD-00615,2024-01-18,sports,GO,PR,76.95,10.47,8,0
ORD-00616,2024-05-09,sports,GO,PR,91.98,8.78,23,1
ORD-00617,2024-01-17,home,MG,SP,151.56,16.98,13,0
ORD-00618,2024-06-05,electronics,PE,BA,57.14,7.23,7,1
ORD-00619,2024-02-15,electronics,BA,SC,97.17,5.51,7,0
ORD-00620,2024-06-17,books,RS,RJ,347.27,37.19,15,0
ORD-00621,2024-01-04,clothing,CE,CE,150.62,16.66,5,0
ORD-00622,2024-01-16,beauty,RS,GO,27.57,2.67,23,1
ORD-00623,2024-01-11,home,BA,SC,426.32,47.62,19,0
ORD-00624,2024-04-08,beauty,PR,RJ,349.77,42.85,20,1
ORD-00625,2024-06-12,books,PE,RS,87.4,9.25,6,0
ORD-00626,2024-05-09,sports,GO,BA,268.64,18.28,15,1
ORD-00627,2024-05-20,beauty,MG,PE,122.12,10.41,13,0
ORD-00628,2024-06-04,clothing,SC,SC,68.54,9.09,13,0
ORD-00629,2024-04-25,clothing,PE,RS,89.61,11.15,14,0
ORD-00630,2024-01-02,home,BA,SP,77.69,7.91,12,1
ORD-00631,2024-05-21,sports,RS,RS,574.56,75.95,11,0
ORD-00632,2024-03-08,electronics,CE,CE,491.57,42.06,7,0
ORD-00633,2024-05-25,electronics,CE,RS,31.41,1.86,15,0
ORD-00634,2024-01-25,home,RJ,SC,263.25,34.9,21,0
ORD-00635,2024-03-26,home,PR,SP,82.67,4.78,4,1
ORD-00636,2024-06-03,beauty,BA,BA,317.37,40.32,23,0
ORD-00637,2024-03-24,clothing,BA,SP,478.46,49.76,7,0
ORD-00638,2024-06-01,electronics,RS,MG,46.88,4.19,17,1
ORD-00639,2024-01-22,clothing,RJ,RS,36.05,2.34,13,0
ORD-00640,2024-02-04,clothing,SP,PE,369.63,37.03,7,0
ORD-00641,2024-03-04,clothing,RS,GO,83.97,8.91,19,1
ORD-00642,2024-04-03,clothing,PR,BA,361.87,42.4,16,1
ORD-00643,2024-06-06,books,SC,SC,558.17,44.92,14,0
ORD-00644,2024-06-24,electronics,GO,CE,465.57,61.37,9,1
ORD-00645,2024-03-14,home,RJ,RJ,212.17,23.78,7,1
ORD-00646,2024-02-24,books,RJ,PR,567.49,40.24,20,1
ORD-00647,2024-01-05,books,PE,PR,70.97,10.59,24,1
ORD-00648,2024-03-10,clothing,PE,SP,421.74,29.55,22,1
ORD-00649,2024-04-02,clothing,SP,RJ,195.67,26.46,24,0
ORD-00650,2024-05-10,sports,SP,PR,64.75,4.73,15,0
ORD-00651,2024-05-08,books,RJ,SC,77.35,4.55,9,0
ORD-00652,2024-01-05,electronics,PE,SP,178.15,17.64,8,1
ORD-00653,2024-03-11,home,SC,SC,216.46,32.0,19,0
ORD-00654,2024-03-12,sports,PR,BA,30.71,1.63,20,1
ORD-00655,2024-06-05,home,SC,BA,364.91,32.19,24,0
ORD-00656,2024-03-25,electronics,RS,BA,281.84,41.45,22,1
ORD-00657,2024-02-05,home,MG,RS,81.44,9.64,9,1
ORD-00658,2024-02-10,clothing,PE,MG,39.19,4.53,21,1
ORD-00659,2024-01-08,beauty,PE,PE,320.07,26.17,7,0
ORD-00660,2024-03-11,clothing,BA,BA,44.03,5.82,23,1
ORD-00661,2024-03-09,electronics,RS,RJ,546.31,81.18,22,0
ORD-00662,2024-06-25,books,CE,RS,219.86,11.57,5,0
ORD-00663,2024-04-09,sports,MG,PE,113.65,13.06,8,0
ORD-00664,2024-03-10,electronics,MG,MG,515.23,65.15,3,0
ORD-00665,2024-06-06,home,RS,RS,407.41,,17,0
ORD-00666,2024-04-07,sports,SC,GO,127.45,16.27,22,0
ORD-00667,2024-01-10,beauty,BA,CE,83.81,8.68,23,0
ORD-00668,2024-05-17,sports,GO,GO,474.03,70.91,19,0
ORD-00669,2024-03-15,clothing,SP,PE,40.15,5.87,9,0
ORD-00670,2024-06-25,books,PR,PR,129.25,14.39,4,0
ORD-00671,2024-02-16,sports,MG,GO,119.21,14.58,6,0
ORD-00672,2024-05-31,clothing,PE,MG,169.3,8.89,17,0
ORD-00673,2024-02-01,electronics,RS,GO,169.02,19.41,8,1
ORD-00674,2024-06-05,electronics,GO,SC,51.95,6.37,19,0
ORD-00675,2024-06-17,clothing,BA,PE,39.54,5.58,21,0
ORD-00676,2024-04-24,electronics,MG,MG,50.94,4.68,12,1
ORD-00677,2024-04-27,sports,MG,RJ,846.85,107.16,3,0
ORD-00678,2024-05-30,sports,GO,PE,74.64,7.42,9,0
ORD-00679,2024-03-12,clothing,GO,BA,76.32,3.87,20,0
ORD-00680,2024-02-07,electronics,PE,RS,286.32,33.02,4,0
ORD-00681,2024-02-11,clothing,CE,CE,452.29,41.47,8,0
ORD-00682,2024-04-02,books,CE,CE,86.39,12.67,21,0
ORD-00683,2024-01-17,clothing,RJ,PR,29.72,3.74,20,1
ORD-00684,2024-02-23,home,MG,RJ,193.97,19.92,19,0
ORD-00685,2024-05-03,electronics,CE,SP,47.26,5.34,5,0
ORD-00686,2024-06-08,clothing,CE,PR,24.77,1.88,21,1
ORD-00687,2024-02-16,books,MG,CE,98.17,11.11,18,0
ORD-00688,2024-01-31,beauty,RS,PR,967.46,50.69,23,0
ORD-00689,2024-06-12,beauty,RS,CE,132.27,11.03,20,1
ORD-00690,2024-03-23,clothing,RS,PR,,32.3,20,0
ORD-00691,2024-02-14,clothing,RJ,SC,48.36,5.4,3,1
ORD-00692,2024-02-09,beauty,SC,GO,33.99,3.89,18,0
ORD-00693,2024-05-13,books,PE,SC,30.84,4.4,4,1
ORD-00694,2024-01-17,books,SC,PE,235.34,27.9,14,0
ORD-00695,2024-05-26,clothing,PR,SP,147.03,15.21,8,0
ORD-00696,2024-01-09,electronics,MG,CE,36.82,2.98,13,1
ORD-00697,2024-02-25,sports,RJ,GO,,19.74,12,0
ORD-00698,2024-04-23,clothing,MG,RJ,492.93,34.61,5,0
ORD-00699,2024-03-20,electronics,GO,PE,161.77,15.91,19,0
ORD-00700,2024-04-27,sports,MG,RJ,58.58,3.71,4,1
ORD-00701,2024-03-26,electronics,PE,RJ,56.3,6.16,5,1
ORD-00702,2024-03-20,books,SP,RJ,62.56,5.08,21,0
ORD-00703,2024-06-20,electronics,RS,SC,187.47,19.35,17,1
ORD-00704,2024-01-27,clothing,MG,MG,627.41,70.45,19,1
ORD-00705,2024-05-26,clothing,SC,PE,,35.32,12,1
ORD-00706,2024-01-08,home,RJ,PR,162.38,15.32,7,0
ORD-00707,2024-05-31,clothing,SP,RJ,367.8,32.8,22,0
ORD-00708,2024-05-16,clothing,GO,CE,165.24,11.54,24,1
ORD-00709,2024-01-25,electronics,GO,CE,31.08,4.41,17,1
ORD-00710,2024-03-07,electronics,GO,GO,224.55,30.56,22,0
ORD-00711,2024-04-26,home,BA,MG,61.15,7.88,13,0
ORD-00712,2024-03-30,electronics,RJ,GO,110.52,14.87,12,0
ORD-00713,2024-05-22,electronics,MG,PE,30.22,3.92,13,0
ORD-00714,2024-05-20,books,PR,PE,79.01,5.84,10,1
ORD-00715,2024-04-21,electronics,GO,BA,235.36,28.1,16,1
ORD-00716,2024-05-04,home,SC,PE,263.1,30.77,21,1
ORD-00717,2024-04-13,clothing,CE,GO,348.95,32.98,12,1
ORD-00718,2024-01-16,home,RJ,CE,145.57,14.47,24,1
ORD-00719,2024-06-18,beauty,MG,CE,67.85,3.39,7,1
ORD-00720,2024-03-22,clothing,PE,PR,82.25,5.72,24,1
ORD-00721,2024-04-13,home,PR,BA,81.01,9.0,19,0
ORD-00722,2024-04-01,clothing,PR,SP,89.98,4.98,20,1
ORD-00723,2024-04-07,electronics,PR,SP,53.03,4.74,13,1
ORD-00724,2024-04-08,electronics,BA,PE,262.81,16.8,20,0
ORD-00725,2024-06-14,electronics,SC,BA,60.06,3.81,5,1
ORD-00726,2024-04-26,beauty,GO,BA,299.51,19.09,16,0
ORD-00727,2024-04-08,home,CE,BA,118.32,10.93,17,1
ORD-00728,2024-05-08,home,MG,BA,82.24,,10,1
ORD-00729,2024-05-28,clothing,PE,CE,84.81,10.22,6,0
ORD-00730,2024-04-29,home,RJ,MG,96.25,13.08,11,0
ORD-00731,2024-01-20,electronics,PE,CE,112.47,13.97,24,0
ORD-00732,2024-04-30,clothing,PE,CE,441.26,37.22,3,0
ORD-00733,2024-03-15,home,GO,CE,129.76,18.95,12,1
ORD-00734,2024-05-28,home,CE,PR,85.98,4.83,18,1
ORD-00735,2024-02-02,sports,SP,PR,70.66,5.56,5,0
ORD-00736,2024-01-29,electronics,PR,PR,,25.86,3,0
ORD-00737,2024-05-04,home,CE,MG,149.23,10.08,10,1
ORD-00738,2024-05-06,clothing,PE,SP,370.83,23.92,7,0
ORD-00739,2024-05-27,electronics,BA,BA,123.08,14.0,9,0
ORD-00740,2024-04-28,home,SC,SP,42.06,2.59,8,1
ORD-00741,2024-06-23,home,PR,GO,,4.41,15,0
ORD-00742,2024-04-07,electronics,GO,PR,20.84,1.07,17,0
ORD-00743,2024-06-05,electronics,PE,SP,94.87,8.1,16,0
ORD-00744,2024-04-10,clothing,PR,SC,33.04,2.5,21,1
ORD-00745,2024-03-21,home,RS,CE,98.1,11.55,8,0
ORD-00746,2024-03-30,electronics,SP,RJ,348.88,21.07,17,1
ORD-00747,2024-06-17,electronics,PR,PR,561.34,33.23,22,0
ORD-00748,2024-02-03,home,RS,CE,51.78,,22,1
ORD-00749,2024-06-18,sports,CE,MG,54.44,4.1,17,0
ORD-00750,2024-03-06,home,GO,PR,55.18,6.44,13,1
ORD-00751,2024-03-07,home,RJ,PR,144.04,11.99,4,0
ORD-00752,2024-04-10,clothing,PR,MG,106.48,15.21,22,1
ORD-00753,2024-01-28,electronics,GO,RJ,39.46,2.83,23,0
ORD-00754,2024-01-05,electronics,PR,RJ,398.01,48.86,17,0
ORD-00755,2024-04-10,beauty,MG,SP,61.28,4.7,13,0
ORD-00756,2024-05-18,books,PE,GO,135.98,16.7,5,1
ORD-00757,2024-06-23,electronics,BA,GO,93.74,13.98,13,1
ORD-00758,2024-03-15,clothing,SP,RJ,23.79,2.0,17,0
ORD-00759,2024-01-28,electronics,MG,PE,143.5,,15,0
ORD-00760,2024-01-10,electronics,SC,GO,68.64,8.48,7,1
ORD-00761,2024-05-07,books,CE,RS,414.71,43.15,12,0
ORD-00762,2024-04-13,electronics,GO,SP,432.21,55.66,4,1
ORD-00763,2024-02-29,beauty,PE,GO,20.85,2.16,21,0
ORD-00764,2024-01-12,books,SP,MG,594.0,83.59,22,1
ORD-00765,2024-04-26,electronics,MG,SP,449.49,36.29,6,0
ORD-00766,2024-02-26,sports,CE,RJ,336.18,33.52,22,1
ORD-00767,2024-03-24,clothing,RS,BA,26.89,3.33,15,1
ORD-00768,2024-05-31,electronics,CE,PE,26.79,3.46,4,1
ORD-00769,2024-05-21,clothing,RJ,RJ,41.65,2.78,14,1
ORD-00770,2024-04-06,electronics,RS,CE,345.44,46.54,22,0
ORD-00771,2024-05-31,electronics,SP,GO,739.55,105.47,23,0
ORD-00772,2024-04-25,home,BA,GO,236.87,27.0,19,1
ORD-00773,2024-01-23,home,MG,CE,77.56,9.44,22,0
ORD-00774,2024-01-25,clothing,PR,SC,87.59,6.06,19,0
ORD-00775,2024-01-14,electronics,PE,PE,39.14,4.54,11,1
ORD-00776,2024-06-14,books,MG,GO,,39.14,4,1
ORD-00777,2024-01-12,clothing,RS,BA,72.48,10.08,17,1
ORD-00778,2024-01-19,electronics,SP,PE,36.22,,6,0
ORD-00779,2024-02-28,books,GO,CE,,,13,0
ORD-00780,2024-02-26,electronics,SC,RS,45.62,6.25,15,1
ORD-00781,2024-04-26,electronics,CE,GO,124.56,8.92,22,1
ORD-00782,2024-02-21,books,SC,MG,245.86,21.11,11,1
ORD-00783,2024-04-17,electronics,SP,CE,298.71,40.38,17,1
ORD-00784,2024-06-05,sports,SC,RS,75.72,9.76,23,0
ORD-00785,2024-02-25,sports,CE,PE,367.19,49.83,18,0
ORD-00786,2024-03-24,electronics,GO,PR,127.26,17.47,10,1
ORD-00787,2024-05-09,beauty,RS,CE,130.92,7.12,18,1
ORD-00788,2024-05-06,books,PE,BA,33.84,4.47,17,1
ORD-00789,2024-03-16,home,PE,SP,134.98,9.69,14,1
ORD-00790,2024-05-29,books,RJ,SP,178.2,21.44,21,1
ORD-00791,2024-06-09,home,GO,GO,20.17,1.83,14,0
ORD-00792,2024-04-19,clothing,SP,RJ,55.5,5.72,12,0
ORD-00793,2024-03-26,books,CE,PE,236.15,27.98,22,0
ORD-00794,2024-04-08,beauty,SP,PE,59.03,8.19,6,1
ORD-00795,2024-05-23,clothing,CE,SP,261.22,27.66,5,0
ORD-00796,2024-05-28,beauty,RS,MG,214.92,13.19,18,0
ORD-00797,2024-01-17,clothing,RS,RS,102.91,9.5,4,0
ORD-00798,2024-06-22,books,GO,GO,28.03,2.72,20,0
ORD-00799,2024-02-18,home,PR,GO,33.49,4.84,5,0
ORD-00800,2024-02-12,electronics,GO,RJ,186.53,27.17,6,1
ORD-00801,2024-03-16,electronics,MG,GO,238.26,34.6,3,1
ORD-00802,2024-03-15,books,PE,MG,130.08,16.1,3,1
ORD-00803,2024-03-28,sports,SP,RS,98.2,8.21,21,0
ORD-00804,2024-04-27,books,SC,GO,54.17,7.27,17,1
ORD-00805,2024-01-13,electronics,MG,PR,202.06,19.89,12,1
ORD-00806,2024-03-14,beauty,PR,GO,72.04,4.76,20,1
ORD-00807,2024-02-02,electronics,MG,MG,321.94,48.09,21,0
ORD-00808,2024-02-07,electronics,SC,MG,51.98,6.06,14,1
ORD-00809,2024-02-07,books,PE,MG,316.19,16.6,18,0
ORD-00810,2024-06-14,electronics,SC,MG,45.47,6.71,13,0
ORD-00811,2024-02-07,beauty,GO,PR,42.32,6.32,24,0
ORD-00812,2024-06-22,home,GO,SC,46.87,6.56,7,0
ORD-00813,2024-03-24,clothing,PR,SP,26.0,2.46,5,1
ORD-00814,2024-01-06,books,RS,CE,37.02,4.69,9,1
ORD-00815,2024-06-03,beauty,GO,RJ,139.55,13.82,22,1
ORD-00816,2024-04-05,clothing,SP,SC,50.12,4.65,15,1
ORD-00817,2024-04-23,clothing,SC,SC,121.26,12.87,9,0
ORD-00818,2024-04-16,clothing,BA,GO,32.41,4.77,16,1
ORD-00819,2024-03-26,electronics,CE,CE,235.69,22.97,19,1
ORD-00820,2024-02-14,electronics,CE,BA,133.94,18.94,16,1
ORD-00821,2024-01-11,electronics,CE,MG,27.54,2.17,18,0
ORD-00822,2024-01-01,clothing,PR,CE,87.17,8.4,3,1
ORD-00823,2024-05-05,electronics,PR,GO,60.99,4.8,8,0
ORD-00824,2024-06-02,electronics,RS,SP,192.44,28.76,5,0
ORD-00825,2024-06-26,books,CE,GO,21.17,2.39,18,0
ORD-00826,2024-01-15,home,SC,PE,606.45,46.06,21,1
ORD-00827,2024-04-01,clothing,GO,MG,440.94,37.97,23,1
ORD-00828,2024-02-16,home,PR,PE,384.93,26.71,23,0
ORD-00829,2024-03-18,books,CE,MG,20.47,2.72,24,1
ORD-00830,2024-05-12,books,SC,RJ,156.78,10.09,7,1
ORD-00831,2024-02-18,clothing,GO,BA,341.8,22.37,10,0
ORD-00832,2024-04-16,home,PE,CE,25.07,3.04,6,0
ORD-00833,2024-02-05,sports,RJ,RJ,110.25,8.95,14,0
ORD-00834,2024-01-31,home,CE,PE,160.92,19.47,3,1
ORD-00835,2024-06-25,clothing,MG,RS,234.21,34.69,16,0
ORD-00836,2024-01-28,electronics,RJ,RJ,108.77,10.13,9,1
ORD-00837,2024-03-18,electronics,PE,CE,319.39,24.05,5,0
ORD-00838,2024-06-20,beauty,RJ,RJ,237.42,33.27,8,0
ORD-00839,2024-06-05,sports,RJ,MG,158.4,10.46,19,1
ORD-00840,2024-02-19,electronics,CE,RJ,82.19,4.22,9,0
ORD-00841,2024-05-01,electronics,MG,PE,48.17,6.86,19,1
ORD-00842,2024-04-18,clothing,CE,MG,256.51,21.93,15,1
ORD-00843,2024-05-06,electronics,RS,BA,313.59,19.14,7,0
ORD-00844,2024-03-13,home,PR,PE,374.7,37.23,15,0
ORD-00845,2024-02-18,electronics,PR,GO,134.74,20.01,16,0
ORD-00846,2024-05-13,electronics,GO,SC,106.5,6.45,17,0
ORD-00847,2024-02-13,electronics,RJ,RJ,137.21,14.96,6,1
ORD-00848,2024-04-18,electronics,RS,SC,25.44,2.3,10,0
ORD-00849,2024-04-01,books,PR,CE,41.9,5.45,15,0
ORD-00850,2024-01-28,beauty,CE,BA,100.59,6.51,17,1
ORD-00851,2024-05-07,electronics,GO,GO,527.37,65.28,5,0
ORD-00852,2024-01-25,home,MG,BA,167.69,13.46,22,0
ORD-00853,2024-05-09,home,PE,GO,239.97,27.89,18,1
ORD-00854,2024-04-08,books,SC,PE,518.2,48.21,6,0
ORD-00855,2024-02-12,books,BA,GO,512.33,54.14,12,0
ORD-00856,2024-05-05,home,MG,PR,107.78,6.57,24,0
ORD-00857,2024-04-10,books,PE,CE,86.37,5.67,4,1
ORD-00858,2024-01-16,home,CE,BA,156.29,23.1,13,1
ORD-00859,2024-06-09,sports,SP,MG,157.96,19.62,3,1
ORD-00860,2024-03-03,clothing,RJ,BA,,13.14,24,1
ORD-00861,2024-03-27,electronics,PR,CE,56.1,7.68,6,1
ORD-00862,2024-04-17,electronics,PE,SC,62.84,5.8,19,1
ORD-00863,2024-05-26,electronics,GO,CE,172.56,18.47,13,1
ORD-00864,2024-03-27,home,GO,RJ,237.05,23.63,24,1
ORD-00865,2024-05-17,beauty,PR,SC,,27.26,5,1
ORD-00866,2024-01-24,clothing,PR,SP,,10.88,22,0
ORD-00867,2024-05-01,books,CE,RJ,194.54,20.75,19,1
ORD-00868,2024-06-18,home,SC,RJ,179.68,23.43,16,0
ORD-00869,2024-02-16,clothing,RS,BA,70.51,6.72,20,0
ORD-00870,2024-03-09,books,PE,MG,232.0,33.92,17,0
ORD-00871,2024-04-03,sports,PE,CE,47.9,2.68,9,0
ORD-00872,2024-03-22,home,RS,MG,40.08,5.39,16,0
ORD-00873,2024-03-06,sports,RJ,RS,198.11,15.59,8,0
ORD-00874,2024-04-28,electronics,RS,BA,284.61,15.02,12,1
ORD-00875,2024-01-08,home,BA,BA,494.51,32.61,7,0
ORD-00876,2024-01-06,electronics,PR,PE,23.93,3.5,18,1
ORD-00877,2024-04-03,home,RJ,SC,21.38,2.99,16,0
ORD-00878,2024-05-26,beauty,RJ,BA,48.4,3.1,6,0
ORD-00879,2024-03-05,home,RJ,PE,81.6,10.4,19,1
ORD-00880,2024-04-09,books,RJ,RS,38.58,3.14,21,0
ORD-00881,2024-04-22,electronics,RS,BA,335.5,23.96,11,1
ORD-00882,2024-05-19,books,CE,SP,147.24,21.33,13,0
ORD-00883,2024-01-06,sports,RS,PR,152.0,18.48,12,0
ORD-00884,2024-03-02,sports,CE,SP,61.82,8.91,24,1
ORD-00885,2024-02-01,home,BA,PR,53.37,7.49,24,0
ORD-00886,2024-03-18,clothing,RS,GO,140.1,20.71,11,1
ORD-00887,2024-04-14,electronics,RS,PR,68.98,9.52,23,0
ORD-00888,2024-04-18,sports,PR,RJ,112.91,10.31,13,0
ORD-00889,2024-05-20,home,RJ,MG,102.08,8.7,22,0
ORD-00890,2024-06-13,home,GO,SP,66.62,4.56,17,1
ORD-00891,2024-03-04,home,BA,RS,173.89,10.12,8,0
ORD-00892,2024-02-04,home,MG,CE,34.86,2.86,18,1
ORD-00893,2024-04-10,home,CE,SC,242.42,22.17,8,0
ORD-00894,2024-06-09,electronics,CE,RS,566.03,59.92,22,1
ORD-00895,2024-06-07,electronics,RJ,GO,53.23,3.56,15,1
ORD-00896,2024-01-04,electronics,PR,MG,149.98,21.71,6,0
ORD-00897,2024-02-18,sports,BA,GO,105.74,7.66,9,0
ORD-00898,2024-06-02,home,PR,PR,144.32,13.44,9,1
ORD-00899,2024-03-08,clothing,PR,RS,134.28,8.67,12,1
ORD-00900,2024-04-30,clothing,GO,RS,56.91,5.45,3,1
ORD-00901,2024-03-06,home,SC,BA,50.67,6.12,22,1
ORD-00902,2024-06-20,electronics,PE,SP,112.96,9.65,22,0
ORD-00903,2024-06-20,electronics,CE,SP,102.62,9.04,15,1
ORD-00904,2024-04-29,books,PE,SP,201.89,20.26,13,1
ORD-00905,2024-05-07,clothing,SC,PE,201.83,16.41,7,0
ORD-00906,2024-03-08,beauty,PR,SC,189.39,26.08,22,1
ORD-00907,2024-06-11,clothing,BA,MG,40.44,2.63,24,0
ORD-00908,2024-02-11,electronics,SP,RS,220.54,11.82,11,0
ORD-00909,2024-05-04,beauty,BA,RJ,479.89,41.1,20,1
ORD-00910,2024-02-13,electronics,RJ,MG,355.34,48.62,8,0
ORD-00911,2024-05-14,sports,PR,CE,80.25,8.7,3,0
ORD-00912,2024-03-25,beauty,MG,BA,210.27,20.99,6,1
ORD-00913,2024-01-21,clothing,RJ,BA,336.55,27.72,3,0
ORD-00914,2024-01-12,home,GO,GO,196.78,22.79,13,0
ORD-00915,2024-06-13,beauty,GO,SC,34.03,2.14,4,1
ORD-00916,2024-02-15,books,SP,RJ,76.05,4.51,11,1
ORD-00917,2024-03-13,electronics,BA,RJ,235.37,20.91,15,0
ORD-00918,2024-06-24,clothing,MG,RJ,33.27,4.11,12,0
ORD-00919,2024-05-01,sports,SC,RJ,100.22,9.92,15,1
ORD-00920,2024-04-21,electronics,CE,BA,,11.22,8,0
ORD-00921,2024-05-06,books,RJ,SP,58.64,6.73,7,0
ORD-00922,2024-03-17,clothing,PE,RJ,124.05,17.46,18,1
ORD-00923,2024-05-21,sports,MG,PR,97.2,7.73,4,1
ORD-00924,2024-05-25,electronics,SP,PE,128.38,7.63,24,0
ORD-00925,2024-04-28,books,SC,PR,39.47,2.04,24,1
ORD-00926,2024-05-30,electronics,MG,BA,131.47,15.83,13,0
ORD-00927,2024-02-24,sports,GO,CE,161.23,22.86,8,1
ORD-00928,2024-04-11,sports,CE,PR,336.18,34.77,3,1
ORD-00929,2024-05-04,books,MG,GO,135.55,,22,1
ORD-00930,2024-02-02,home,CE,SC,58.93,7.69,5,1
ORD-00931,2024-02-23,sports,RS,RJ,54.35,3.74,3,0
ORD-00932,2024-01-23,clothing,MG,RS,70.25,9.06,9,1
ORD-00933,2024-06-28,books,GO,MG,573.76,38.22,7,0
ORD-00934,2024-05-25,electronics,GO,GO,119.94,8.91,12,0
ORD-00935,2024-04-16,clothing,BA,SP,341.44,46.01,16,0
ORD-00936,2024-05-31,home,CE,CE,494.46,44.49,19,0
ORD-00937,2024-05-21,home,GO,RS,95.71,8.82,13,1
ORD-00938,2024-06-27,electronics,BA,GO,71.05,8.14,17,1
ORD-00939,2024-02-26,home,MG,PR,113.5,10.65,19,0
ORD-00940,2024-04-09,sports,SC,CE,50.28,4.87,12,0
ORD-00941,2024-06-25,home,SC,GO,,2.84,12,0
ORD-00942,2024-05-06,electronics,GO,MG,278.38,27.62,16,1
ORD-00943,2024-06-22,electronics,RS,PE,601.52,83.06,14,1
ORD-00944,2024-01-31,sports,PE,SP,162.82,10.0,10,0
ORD-00945,2024-03-09,beauty,GO,PR,36.33,4.61,20,0
ORD-00946,2024-04-27,home,PE,CE,52.14,7.44,17,0
ORD-00947,2024-05-23,home,RJ,RJ,74.23,,6,1
ORD-00948,2024-03-15,home,RJ,MG,20.74,2.93,8,0
ORD-00949,2024-02-05,home,PE,GO,346.45,39.74,13,1
ORD-00950,2024-03-28,beauty,RS,GO,39.36,1.99,18,1
ORD-00951,2024-06-19,clothing,MG,RJ,50.28,4.6,23,1
ORD-00952,2024-04-27,home,PE,BA,297.08,27.59,16,0
ORD-00953,2024-01-18,beauty,PE,SC,122.27,15.53,19,1
ORD-00954,2024-06-18,beauty,SC,BA,270.89,15.21,4,0
ORD-00955,2024-05-13,electronics,MG,CE,68.92,8.36,24,0
ORD-00956,2024-03-29,sports,BA,BA,53.33,7.33,13,1
ORD-00957,2024-02-22,home,PR,PE,287.74,26.01,23,0
ORD-00958,2024-04-13,home,CE,CE,54.04,7.5,23,0
ORD-00959,2024-05-13,electronics,PR,RJ,164.27,20.12,7,0
ORD-00960,2024-02-10,electronics,PR,RS,89.19,9.11,23,1
ORD-00961,2024-05-09,clothing,PE,CE,27.55,2.21,16,1
ORD-00962,2024-02-01,clothing,SP,SC,101.74,6.35,23,1
ORD-00963,2024-06-09,books,CE,SP,32.46,4.83,21,0
ORD-00964,2024-06-21,clothing,CE,RS,188.53,24.22,21,1
ORD-00965,2024-04-02,home,BA,PE,337.75,34.33,9,0
ORD-00966,2024-05-01,sports,MG,BA,375.25,21.1,7,1
ORD-00967,2024-03-08,home,RJ,SC,136.41,14.45,15,0
ORD-00968,2024-02-06,home,BA,GO,46.85,4.3,8,0
ORD-00969,2024-06-26,electronics,GO,GO,52.53,7.16,6,1
ORD-00970,2024-04-14,home,GO,SP,149.41,21.69,22,1
ORD-00971,2024-04-05,clothing,SC,CE,97.29,6.01,12,1
ORD-00972,2024-03-19,home,GO,SP,292.64,31.89,4,0
ORD-00973,2024-01-18,sports,RS,MG,107.37,6.68,14,0
ORD-00974,2024-05-01,books,BA,GO,85.44,11.96,15,0
ORD-00975,2024-06-19,home,CE,MG,102.55,9.85,17,1
ORD-00976,2024-04-11,home,SC,RJ,61.31,5.58,10,1
ORD-00977,2024-05-26,home,SP,GO,65.56,8.96,3,0
ORD-00978,2024-05-18,home,PR,PE,66.03,3.86,22,0
ORD-00979,2024-01-31,books,SP,CE,43.04,4.32,3,0
ORD-00980,2024-04-23,beauty,PE,MG,193.67,13.67,21,1
ORD-00981,2024-03-28,clothing,PE,CE,79.43,7.88,3,0
ORD-00982,2024-01-26,sports,BA,SP,172.15,13.03,6,0
ORD-00983,2024-06-22,electronics,PR,MG,39.54,2.59,16,1
ORD-00984,2024-03-22,electronics,CE,SC,50.68,4.04,6,1
ORD-00985,2024-03-02,clothing,SC,PR,28.36,1.76,9,0
ORD-00986,2024-03-09,books,CE,RS,42.68,3.78,6,1
ORD-00987,2024-01-05,clothing,GO,PE,108.8,9.87,10,1
ORD-00988,2024-05-25,electronics,CE,RJ,88.4,11.36,12,1
ORD-00989,2024-05-17,electronics,RJ,PE,147.8,21.95,10,0
ORD-00990,2024-03-15,electronics,PE,GO,31.12,4.55,22,0
ORD-00991,2024-04-07,electronics,MG,SP,194.58,14.61,24,0
ORD-00992,2024-05-24,sports,RS,CE,190.24,12.58,20,1
ORD-00993,2024-04-20,home,RJ,BA,27.86,3.41,11,1
ORD-00994,2024-03-10,sports,PE,SC,68.08,10.07,17,1
ORD-00995,2024-06-14,electronics,SC,SC,167.0,23.61,7,0
ORD-00996,2024-06-27,electronics,CE,GO,697.23,46.96,20,0
ORD-00997,2024-04-23,electronics,BA,PE,64.33,6.68,24,0
ORD-00998,2024-02-01,sports,SC,BA,154.1,10.44,3,0
ORD-00999,2024-04-01,electronics,RS,GO,44.53,5.6,24,1
ORD-01000,2024-01-10,sports,CE,PR,226.34,33.5,14,1
ORD-01001,2024-05-25,electronics,CE,RS,67.31,4.11,11,0
ORD-01002,2024-05-24,electronics,MG,PE,45.41,5.32,22,1
ORD-01003,2024-05-13,home,CE,MG,309.03,44.3,10,0
ORD-01004,2024-05-16,sports,PR,RS,565.07,83.05,24,0
ORD-01005,2024-01-14,electronics,PE,GO,127.61,14.97,23,0
ORD-01006,2024-04-29,sports,SC,BA,134.89,8.39,19,1
ORD-01007,2024-05-16,sports,PE,SP,224.05,17.43,16,1
ORD-01008,2024-02-27,electronics,SP,BA,375.51,40.25,3,0
ORD-01009,2024-06-09,beauty,BA,RJ,243.78,20.21,5,0
ORD-01010,2024-03-05,clothing,SP,GO,559.31,72.55,13,1
ORD-01011,2024-03-01,beauty,GO,RS,27.5,3.63,19,0
ORD-01012,2024-01-22,clothing,CE,CE,352.03,33.32,6,0
ORD-01013,2024-01-16,clothing,SP,BA,24.79,1.4,7,0
ORD-01014,2024-01-15,clothing,GO,SP,70.22,3.97,24,0
ORD-01015,2024-06-17,clothing,PR,BA,72.36,6.59,22,0
ORD-01016,2024-03-27,books,GO,BA,127.26,14.26,6,0
ORD-01017,2024-06-01,books,SP,GO,79.7,4.85,3,0
ORD-01018,2024-04-17,beauty,CE,RS,310.74,31.35,14,0
ORD-01019,2024-03-20,electronics,CE,GO,297.43,16.18,7,0
ORD-01020,2024-06-03,clothing,PE,SC,38.14,2.47,12,1
ORD-01021,2024-05-09,books,SC,SP,62.86,4.05,10,0
ORD-01022,2024-01-18,clothing,PE,SP,244.9,17.15,9,1
ORD-01023,2024-06-06,books,GO,GO,165.78,17.88,13,0
ORD-01024,2024-02-27,electronics,SC,MG,105.2,14.94,23,0
ORD-01025,2024-04-06,electronics,GO,CE,109.86,13.93,13,1
ORD-01026,2024-02-06,clothing,MG,SP,391.1,20.73,6,1
ORD-01027,2024-02-20,beauty,RS,CE,153.29,22.62,9,1
ORD-01028,2024-02-20,home,RS,PR,161.9,17.07,8,1
ORD-01029,2024-03-27,electronics,PR,RJ,58.41,5.13,6,0
ORD-01030,2024-06-08,electronics,PR,GO,31.7,3.68,19,0
ORD-01031,2024-06-26,electronics,RJ,RJ,34.43,2.38,15,0
ORD-01032,2024-05-30,beauty,CE,BA,211.25,11.54,22,1
ORD-01033,2024-02-02,home,PE,PR,167.36,9.26,11,0
ORD-01034,2024-06-06,electronics,CE,GO,376.24,36.52,24,1
ORD-01035,2024-05-12,home,PE,BA,,6.64,18,1
ORD-01036,2024-03-09,books,SC,SC,109.07,15.88,18,0
ORD-01037,2024-03-19,electronics,CE,SP,119.08,8.75,9,1
ORD-01038,2024-02-04,electronics,BA,CE,25.72,1.94,5,0
ORD-01039,2024-06-08,books,PR,GO,220.34,11.92,19,1
ORD-01040,2024-04-07,clothing,GO,GO,150.15,14.98,11,1
ORD-01041,2024-05-08,clothing,GO,RS,386.77,54.2,12,0
ORD-01042,2024-05-19,beauty,RJ,PR,347.79,19.87,4,1
ORD-01043,2024-02-18,clothing,RS,SC,44.11,5.6,11,0
ORD-01044,2024-04-13,beauty,MG,PE,714.56,57.13,14,0
ORD-01045,2024-04-11,books,CE,SP,100.23,12.64,7,1
ORD-01046,2024-04-28,electronics,RS,GO,79.91,8.41,17,1
ORD-01047,2024-02-23,sports,RJ,SC,127.02,18.32,16,1
ORD-01048,2024-05-07,clothing,PE,SP,82.35,5.17,3,0
ORD-01049,2024-03-17,electronics,SC,SC,128.1,16.05,20,1
ORD-01050,2024-05-25,home,SP,CE,280.92,40.81,13,0
ORD-01051,2024-01-17,books,CE,CE,140.9,12.42,15,0
ORD-01052,2024-01-24,electronics,RS,GO,84.45,8.04,12,1
ORD-01053,2024-02-20,electronics,PE,MG,55.87,5.52,8,1
ORD-01054,2024-01-15,electronics,BA,PR,185.11,18.96,17,1
ORD-01055,2024-05-17,clothing,SP,MG,140.82,20.98,7,1
ORD-01056,2024-03-20,beauty,RJ,BA,21.63,1.36,9,0
ORD-01057,2024-04-27,home,GO,MG,79.78,8.0,24,1
ORD-01058,2024-05-14,clothing,SP,MG,28.93,3.2,10,1
ORD-01059,2024-06-14,books,CE,GO,82.71,10.23,12,0
ORD-01060,2024-02-14,home,GO,SC,51.03,4.07,22,1
ORD-01061,2024-06-27,home,MG,CE,117.19,16.53,8,0
ORD-01062,2024-05-17,electronics,BA,SP,20.8,1.61,23,1
ORD-01063,2024-04-04,beauty,RJ,RS,133.27,16.82,6,1
ORD-01064,2024-02-23,home,RJ,PE,168.12,15.99,11,0
ORD-01065,2024-03-28,electronics,GO,SP,54.69,6.83,15,0
ORD-01066,2024-03-24,electronics,RS,BA,207.58,25.1,7,0
ORD-01067,2024-02-05,books,GO,GO,374.16,43.29,17,0
ORD-01068,2024-02-01,electronics,PR,MG,602.06,36.15,12,0
ORD-01069,2024-04-22,electronics,BA,MG,40.46,4.76,7,1
ORD-01070,2024-06-11,sports,RS,SP,94.58,8.91,4,0
ORD-01071,2024-04-06,home,RJ,BA,121.79,13.38,4,0
ORD-01072,2024-01-04,beauty,RS,SC,241.43,12.46,3,1
ORD-01073,2024-02-12,electronics,RS,RJ,34.05,4.53,8,1
ORD-01074,2024-02-23,sports,PE,RJ,169.66,19.12,22,0
ORD-01075,2024-01-04,electronics,BA,BA,231.42,19.82,8,0
ORD-01076,2024-06-15,clothing,SC,SP,116.88,6.62,11,0
ORD-01077,2024-01-27,sports,SP,RJ,133.34,16.9,18,0
ORD-01078,2024-06-27,clothing,CE,MG,353.49,29.14,23,1
ORD-01079,2024-05-03,electronics,MG,SC,40.83,4.85,24,1
ORD-01080,2024-05-08,beauty,SP,CE,120.14,12.15,10,0
ORD-01081,2024-04-19,electronics,SP,RS,41.37,2.58,10,0
ORD-01082,2024-04-06,electronics,CE,RJ,147.32,11.74,7,1
ORD-01083,2024-02-04,beauty,SP,RS,77.11,11.15,13,1
ORD-01084,2024-02-28,home,SP,PE,131.96,17.32,3,0
ORD-01085,2024-03-04,electronics,SC,SC,92.62,13.03,24,0
ORD-01086,2024-01-02,sports,RS,CE,97.66,6.68,23,1
ORD-01087,2024-02-02,beauty,GO,RJ,443.17,66.12,9,1
ORD-01088,2024-03-20,sports,CE,PE,216.39,12.51,17,1
ORD-01089,2024-04-24,clothing,RS,RS,75.17,6.04,21,0
ORD-01090,2024-04-11,sports,RS,PR,109.73,15.92,14,1
ORD-01091,2024-05-03,clothing,GO,GO,74.29,6.93,7,1
ORD-01092,2024-05-17,sports,BA,BA,41.39,5.88,22,1
ORD-01093,2024-06-04,clothing,MG,PR,177.7,13.92,20,1
ORD-01094,2024-01-04,home,SC,MG,244.66,,3,0
ORD-01095,2024-04-08,clothing,SC,GO,131.63,11.78,14,0
ORD-01096,2024-05-24,clothing,CE,RJ,487.3,69.27,15,1
ORD-01097,2024-06-11,home,BA,PR,42.84,3.64,18,0
ORD-01098,2024-04-02,beauty,SP,BA,46.05,3.42,4,0
ORD-01099,2024-03-04,clothing,SP,MG,,13.93,11,0
ORD-01100,2024-04-11,electronics,MG,SP,357.4,43.3,15,0
ORD-01101,2024-05-08,beauty,RJ,PE,269.52,24.98,12,0
ORD-01102,2024-01-28,clothing,BA,CE,133.15,18.33,5,0
ORD-01103,2024-01-02,clothing,SC,MG,234.44,29.26,12,0
ORD-01104,2024-06-16,electronics,GO,SP,38.48,3.53,16,1
ORD-01105,2024-02-16,electronics,BA,MG,251.98,15.98,18,1
ORD-01106,2024-02-19,books,RJ,GO,232.27,16.28,8,1
ORD-01107,2024-01-21,home,BA,GO,70.64,9.67,8,1
ORD-01108,2024-05-04,clothing,BA,RJ,160.88,17.47,18,0
ORD-01109,2024-01-11,electronics,RJ,SP,42.79,2.17,21,1
ORD-01110,2024-05-04,clothing,PE,SP,98.07,14.34,11,0
ORD-01111,2024-03-02,clothing,SC,CE,148.82,20.69,13,0
ORD-01112,2024-04-26,home,BA,BA,20.36,2.66,3,0
ORD-01113,2024-04-04,electronics,BA,MG,314.46,32.41,10,1
ORD-01114,2024-01-05,clothing,GO,PE,250.75,37.27,13,0
ORD-01115,2024-01-21,home,SP,SC,218.15,21.48,22,1
ORD-01116,2024-05-13,home,GO,RJ,183.7,12.77,7,0
ORD-01117,2024-05-20,electronics,PE,SP,,2.73,24,0
ORD-01118,2024-02-24,sports,GO,MG,109.42,11.39,10,1
ORD-01119,2024-04-08,clothing,RJ,RJ,50.16,3.31,13,0
ORD-01120,2024-06-11,home,RS,PR,59.94,6.99,20,0
ORD-01121,2024-03-28,sports,RJ,SC,39.92,4.39,23,1
ORD-01122,2024-01-30,beauty,BA,PE,124.19,9.11,11,1
ORD-01123,2024-05-26,clothing,RJ,RJ,78.59,5.41,6,0
ORD-01124,2024-02-18,books,SC,BA,958.48,53.86,20,0
ORD-01125,2024-05-13,home,BA,SC,33.94,4.87,7,0
ORD-01126,2024-02-07,electronics,CE,RS,703.47,95.13,13,0
ORD-01127,2024-06-19,books,PR,RS,117.86,12.98,7,0
ORD-01128,2024-05-26,clothing,SP,CE,103.26,12.27,11,0
ORD-01129,2024-02-23,clothing,RS,GO,425.01,55.69,7,0
ORD-01130,2024-03-17,beauty,RS,SP,38.03,5.16,15,0
ORD-01131,2024-04-10,books,MG,SP,,19.2,14,0
ORD-01132,2024-02-03,clothing,PE,PR,53.26,5.58,6,1
ORD-01133,2024-05-27,sports,CE,SP,51.46,4.93,8,1
ORD-01134,2024-06-15,sports,GO,PR,234.26,30.56,9,1
ORD-01135,2024-06-22,home,CE,RJ,286.98,41.62,16,0
ORD-01136,2024-05-11,clothing,SP,RJ,112.02,16.19,6,0
ORD-01137,2024-01-31,beauty,CE,BA,70.03,6.33,4,1
ORD-01138,2024-06-17,home,GO,PR,63.97,5.6,24,1
ORD-01139,2024-01-30,clothing,GO,BA,63.88,5.54,6,1
ORD-01140,2024-03-11,electronics,GO,PE,79.95,11.89,18,0
ORD-01141,2024-03-17,electronics,RJ,CE,108.79,,16,1
ORD-01142,2024-04-10,electronics,RJ,SC,34.37,2.35,3,0
ORD-01143,2024-02-01,books,PE,PE,98.41,10.67,23,0
ORD-01144,2024-04-24,electronics,RS,RJ,76.85,5.23,20,0
ORD-01145,2024-03-06,electronics,RJ,SP,236.81,15.66,20,0
ORD-01146,2024-02-13,beauty,SP,RJ,102.14,8.82,20,1
ORD-01147,2024-05-16,clothing,SP,RS,98.25,12.6,24,1
ORD-01148,2024-06-04,home,CE,GO,97.32,14.46,14,0
ORD-01149,2024-03-17,home,RS,RJ,466.05,25.01,7,0
ORD-01150,2024-06-08,home,RS,MG,,19.74,7,0
ORD-01151,2024-01-22,clothing,PE,PR,64.67,4.29,17,0
ORD-01152,2024-06-27,books,BA,MG,397.7,49.02,23,0
ORD-01153,2024-02-09,home,SC,CE,29.67,3.28,16,1
ORD-01154,2024-05-16,electronics,BA,BA,75.72,4.37,6,1
ORD-01155,2024-03-10,electronics,PE,BA,66.9,5.77,13,1
ORD-01156,2024-01-27,electronics,RS,PR,146.26,21.48,15,0
ORD-01157,2024-05-15,books,RJ,MG,79.44,10.38,6,1
ORD-01158,2024-03-22,books,CE,PR,74.77,10.44,8,0
ORD-01159,2024-05-21,clothing,BA,MG,44.9,6.59,20,0
ORD-01160,2024-06-17,books,BA,GO,202.6,24.04,7,1
ORD-01161,2024-03-04,home,BA,CE,441.0,54.04,14,0
ORD-01162,2024-04-19,electronics,BA,GO,33.76,3.38,11,0
ORD-01163,2024-01-24,home,RS,PR,366.38,29.52,13,0
ORD-01164,2024-05-21,beauty,RJ,RS,270.17,15.06,12,0
ORD-01165,2024-06-22,home,SP,BA,298.79,29.81,24,0
ORD-01166,2024-04-18,electronics,RJ,BA,248.96,33.15,3,0
ORD-01167,2024-06-24,beauty,SC,RS,62.06,8.82,19,0
ORD-01168,2024-02-27,beauty,CE,GO,59.06,8.16,19,1
ORD-01169,2024-01-29,books,SC,MG,129.16,11.35,14,1
ORD-01170,2024-03-16,sports,RS,PE,23.01,1.82,18,1
ORD-01171,2024-06-07,clothing,SP,CE,99.38,13.85,17,0
ORD-01172,2024-01-02,electronics,SP,SC,116.36,9.29,6,1
ORD-01173,2024-05-15,clothing,MG,BA,343.39,34.07,5,0
ORD-01174,2024-03-05,electronics,MG,BA,107.8,7.07,24,1
ORD-01175,2024-01-28,clothing,BA,SC,127.18,8.68,11,0
ORD-01176,2024-01-29,electronics,GO,MG,43.74,2.21,9,1
ORD-01177,2024-06-19,clothing,SP,MG,44.37,6.22,8,1
ORD-01178,2024-02-02,electronics,GO,PR,107.29,10.68,24,1
ORD-01179,2024-01-29,home,BA,PE,44.78,5.94,7,0
ORD-01180,2024-01-14,electronics,SP,MG,103.97,13.18,10,0
ORD-01181,2024-03-13,beauty,SC,BA,45.69,4.27,12,0
ORD-01182,2024-01-30,home,BA,RS,47.36,3.25,11,0
ORD-01183,2024-06-05,electronics,RS,BA,52.12,,19,1
ORD-01184,2024-02-07,electronics,CE,MG,303.41,16.33,9,1
ORD-01185,2024-06-28,electronics,CE,RS,446.52,40.51,12,0
ORD-01186,2024-01-14,clothing,RS,RS,110.35,11.14,23,1
ORD-01187,2024-01-13,clothing,PR,SC,157.03,14.42,13,1
ORD-01188,2024-06-04,home,SP,SP,170.15,13.36,11,1
ORD-01189,2024-06-20,beauty,MG,PR,151.76,12.21,6,1
ORD-01190,2024-05-15,clothing,PE,MG,44.9,3.87,21,0
ORD-01191,2024-06-10,electronics,RS,PR,143.55,19.91,7,0
ORD-01192,2024-01-26,books,RJ,SP,63.62,4.39,17,1
ORD-01193,2024-05-16,clothing,PE,CE,48.17,7.18,9,0
ORD-01194,2024-03-29,electronics,SP,MG,89.54,6.74,20,0
ORD-01195,2024-01-06,beauty,GO,RJ,403.88,37.12,19,1
ORD-01196,2024-04-11,clothing,PR,MG,420.04,61.85,9,0
ORD-01197,2024-05-23,beauty,PE,PE,269.8,33.74,15,0
ORD-01198,2024-05-31,clothing,BA,CE,253.87,16.76,9,0
ORD-01199,2024-03-16,books,PE,GO,49.15,3.73,10,0
ORD-01200,2024-06-12,electronics,PE,RJ,463.14,34.19,4,1
